appl, 1
Date,Time,Open,High,Low,Close,Volume,OpenInt
2017-08-03,15:35:00,156.44,156.6,156.02,156.17,1213977,0
2017-08-03,15:40:00,156.18,156.32,155.8,156.09,753669,0
2017-08-03,15:45:00,156.08,156.18,155.88,156.06,604459,0
2017-08-03,15:50:00,156.05,156.05,155.68,155.78,634882,0
2017-08-03,15:55:00,155.79,155.88,155.24,155.31,661335,0
2017-08-03,16:00:00,155.29,155.69,155.26,155.64,520677,0
2017-08-03,16:05:00,155.63,155.63,155.17,155.17,452311,0
2017-08-03,16:10:00,155.18,155.25,154.82,154.83,707169,0
2017-08-03,16:15:00,154.84,155.14,154.67,154.82,610831,0
2017-08-03,16:20:00,154.82,155.19,154.76,155.1,469378,0
2017-08-03,16:25:00,155.1,155.36,155.1,155.27,372108,0
2017-08-03,16:30:00,155.25,155.39,155.16,155.28,345753,0
2017-08-03,16:35:00,155.28,155.53,155.21,155.43,372721,0
2017-08-03,16:40:00,155.43,155.49,155.09,155.17,284616,0
2017-08-03,16:45:00,155.21,155.46,155.16,155.38,195358,0
2017-08-03,16:50:00,155.38,155.4,155.19,155.25,226237,0
2017-08-03,16:55:00,155.24,155.49,155.24,155.33,219532,0
2017-08-03,17:00:00,155.33,155.65,155.32,155.59,366356,0
2017-08-03,17:05:00,155.58,155.86,155.55,155.83,400949,0
2017-08-03,17:10:00,155.81,156.03,155.81,156.03,387347,0
2017-08-03,17:15:00,156.02,156.21,155.89,155.96,468358,0
2017-08-03,17:20:00,155.95,156.04,155.57,155.59,287218,0
2017-08-03,17:25:00,155.58,155.74,155.48,155.53,217894,0
2017-08-03,17:30:00,155.53,155.69,155.5,155.68,228967,0
2017-08-03,17:35:00,155.68,155.69,155.51,155.52,217558,0
2017-08-03,17:40:00,155.53,155.8,155.53,155.75,194428,0
2017-08-03,17:45:00,155.74,155.75,155.4,155.48,195492,0
2017-08-03,17:50:00,155.48,155.57,155.45,155.45,132504,0
2017-08-03,17:55:00,155.45,155.54,155.32,155.33,182902,0
2017-08-03,18:00:00,155.32,155.37,155.25,155.34,172017,0
2017-08-03,18:05:00,155.34,155.51,155.34,155.41,168414,0
2017-08-03,18:10:00,155.41,155.43,155.05,155.13,204834,0
2017-08-03,18:15:00,155.13,155.27,155.12,155.2,149741,0
2017-08-03,18:20:00,155.2,155.4,155.19,155.32,162348,0
2017-08-03,18:25:00,155.32,155.37,155.2,155.32,192469,0
2017-08-03,18:30:00,155.32,155.5,155.26,155.5,199071,0
2017-08-03,18:35:00,155.49,155.58,155.36,155.4,177420,0
2017-08-03,18:40:00,155.39,155.51,155.36,155.37,107725,0
2017-08-03,18:45:00,155.37,155.38,155.18,155.27,98061,0
2017-08-03,18:50:00,155.27,155.37,155.19,155.19,122940,0
2017-08-03,18:55:00,155.2,155.3,155.2,155.24,87784,0
2017-08-03,19:00:00,155.24,155.34,155.19,155.3,104439,0
2017-08-03,19:05:00,155.3,155.31,155.2,155.23,101704,0
2017-08-03,19:10:00,155.24,155.27,155.05,155.1,144528,0
2017-08-03,19:15:00,155.1,155.14,154.97,155.01,163645,0
2017-08-03,19:20:00,155.01,155.08,154.94,154.94,164357,0
2017-08-03,19:25:00,154.95,155.06,154.86,154.94,249986,0
2017-08-03,19:30:00,154.93,154.94,154.75,154.82,248771,0
2017-08-03,19:35:00,154.84,154.86,154.69,154.72,247932,0
2017-08-03,19:40:00,154.73,154.93,154.72,154.89,189980,0
2017-08-03,19:45:00,154.9,154.97,154.85,154.88,140379,0
2017-08-03,19:50:00,154.89,155.03,154.88,154.93,120416,0
2017-08-03,19:55:00,154.93,155.17,154.91,155.16,196865,0
2017-08-03,20:00:00,155.17,155.26,155.15,155.19,204069,0
2017-08-03,20:05:00,155.21,155.33,155.17,155.31,149006,0
2017-08-03,20:10:00,155.31,155.4,155.25,155.32,194845,0
2017-08-03,20:15:00,155.31,155.35,155.17,155.18,129581,0
2017-08-03,20:20:00,155.18,155.19,155.05,155.08,148963,0
2017-08-03,20:25:00,155.09,155.17,155.05,155.1,193610,0
2017-08-03,20:30:00,155.1,155.17,155.04,155.15,106132,0
2017-08-03,20:35:00,155.15,155.15,155.02,155.05,156642,0
2017-08-03,20:40:00,155.05,155.08,154.96,154.99,144530,0
2017-08-03,20:45:00,154.99,155,154.89,154.99,142326,0
2017-08-03,20:50:00,154.98,155.09,154.96,154.99,163664,0
2017-08-03,20:55:00,155,155.03,154.81,154.82,146780,0
2017-08-03,21:00:00,154.83,154.92,154.81,154.9,115004,0
2017-08-03,21:05:00,154.91,155.02,154.9,155,174970,0
2017-08-03,21:10:00,155,155.08,154.93,154.98,188970,0
2017-08-03,21:15:00,154.98,155.1,154.86,155.1,199828,0
2017-08-03,21:20:00,155.1,155.19,155.08,155.16,224789,0
2017-08-03,21:25:00,155.17,155.25,155.13,155.2,226831,0
2017-08-03,21:30:00,155.21,155.33,155.19,155.24,217665,0
2017-08-03,21:35:00,155.24,155.27,154.5,154.68,661874,0
2017-08-03,21:40:00,154.69,154.76,154.41,154.72,437891,0
2017-08-03,21:45:00,154.72,154.87,154.6,154.84,340915,0
2017-08-03,21:50:00,154.84,154.96,154.8,154.88,389010,0
2017-08-03,21:55:00,154.89,155.12,154.72,154.94,460322,0
2017-08-03,22:00:00,154.94,155.03,154.75,154.96,1965788,0
2017-08-04,15:35:00,155.46,155.47,155.08,155.27,396222,0
2017-08-04,15:40:00,155.3,156.13,155.17,156.09,788130,0
2017-08-04,15:45:00,156.11,156.59,155.87,156.48,819087,0
2017-08-04,15:50:00,156.48,156.78,156.31,156.51,719444,0
2017-08-04,15:55:00,156.52,156.73,156.5,156.67,390711,0
2017-08-04,16:00:00,156.67,156.7,156.05,156.1,521940,0
2017-08-04,16:05:00,156.12,156.26,155.86,155.88,470563,0
2017-08-04,16:10:00,155.89,156.04,155.55,155.65,484753,0
2017-08-04,16:15:00,155.65,155.94,155.56,155.93,384641,0
2017-08-04,16:20:00,155.92,156.41,155.82,156.41,452763,0
2017-08-04,16:25:00,156.41,156.42,156.23,156.3,199995,0
2017-08-04,16:30:00,156.31,156.57,156.31,156.5,229994,0
2017-08-04,16:35:00,156.49,156.64,156.49,156.6,296362,0
2017-08-04,16:40:00,156.6,156.61,156.35,156.35,310081,0
2017-08-04,16:45:00,156.35,156.36,156.02,156.06,335399,0
2017-08-04,16:50:00,156.04,156.22,156.04,156.12,252194,0
2017-08-04,16:55:00,156.11,156.23,155.44,155.67,662542,0
2017-08-04,17:00:00,155.67,155.83,155.59,155.83,361589,0
2017-08-04,17:05:00,155.84,155.84,155.6,155.78,247341,0
2017-08-04,17:10:00,155.77,155.88,155.71,155.71,236559,0
2017-08-04,17:15:00,155.71,155.84,155.68,155.82,153367,0
2017-08-04,17:20:00,155.83,156.19,155.82,156.16,266605,0
2017-08-04,17:25:00,156.16,156.22,156.01,156.2,206370,0
2017-08-04,17:30:00,156.2,156.32,156.14,156.23,253406,0
2017-08-04,17:35:00,156.22,156.25,156.06,156.12,155733,0
2017-08-04,17:40:00,156.12,156.21,156.05,156.21,100388,0
2017-08-04,17:45:00,156.21,156.29,156.13,156.18,88567,0
2017-08-04,17:50:00,156.21,156.23,155.97,155.97,146741,0
2017-08-04,17:55:00,155.97,156.06,155.84,155.85,121659,0
2017-08-04,18:00:00,155.85,155.91,155.72,155.83,126191,0
2017-08-04,18:05:00,155.85,155.87,155.74,155.76,111304,0
2017-08-04,18:10:00,155.76,155.91,155.72,155.88,114134,0
2017-08-04,18:15:00,155.88,155.94,155.63,155.64,141375,0
2017-08-04,18:20:00,155.66,155.74,155.6,155.7,118156,0
2017-08-04,18:25:00,155.71,155.72,155.6,155.63,121600,0
2017-08-04,18:30:00,155.63,155.7,155.59,155.59,95058,0
2017-08-04,18:35:00,155.58,155.59,155.44,155.46,113658,0
2017-08-04,18:40:00,155.46,155.46,155.2,155.27,272282,0
2017-08-04,18:45:00,155.27,155.33,155.23,155.28,138600,0
2017-08-04,18:50:00,155.28,155.5,155.27,155.45,136893,0
2017-08-04,18:55:00,155.45,155.56,155.43,155.51,70736,0
2017-08-04,19:00:00,155.51,155.56,155.48,155.49,81496,0
2017-08-04,19:05:00,155.5,155.57,155.36,155.36,132054,0
2017-08-04,19:10:00,155.36,155.49,155.3,155.41,100519,0
2017-08-04,19:15:00,155.42,155.44,155.26,155.29,122845,0
2017-08-04,19:20:00,155.29,155.37,155.17,155.34,139017,0
2017-08-04,19:25:00,155.34,155.42,155.33,155.34,102607,0
2017-08-04,19:30:00,155.34,155.38,155.24,155.29,95610,0
2017-08-04,19:35:00,155.3,155.4,155.27,155.36,97890,0
2017-08-04,19:40:00,155.36,155.46,155.35,155.41,152390,0
2017-08-04,19:45:00,155.41,155.56,155.39,155.5,103969,0
2017-08-04,19:50:00,155.5,155.53,155.45,155.49,86722,0
2017-08-04,19:55:00,155.49,155.59,155.45,155.56,119018,0
2017-08-04,20:00:00,155.56,155.64,155.51,155.56,130428,0
2017-08-04,20:05:00,155.56,155.64,155.53,155.58,88082,0
2017-08-04,20:10:00,155.59,155.65,155.56,155.62,117854,0
2017-08-04,20:15:00,155.61,155.61,155.54,155.6,78058,0
2017-08-04,20:20:00,155.59,155.65,155.56,155.62,58861,0
2017-08-04,20:25:00,155.61,155.61,155.49,155.49,85638,0
2017-08-04,20:30:00,155.48,155.54,155.36,155.39,192593,0
2017-08-04,20:35:00,155.39,155.42,155.33,155.4,97952,0
2017-08-04,20:40:00,155.39,155.41,155.34,155.39,76761,0
2017-08-04,20:45:00,155.4,155.42,155.33,155.39,64969,0
2017-08-04,20:50:00,155.4,155.5,155.4,155.47,92750,0
2017-08-04,20:55:00,155.48,155.53,155.45,155.45,70954,0
2017-08-04,21:00:00,155.46,155.48,155.37,155.4,71274,0
2017-08-04,21:05:00,155.41,155.53,155.41,155.53,54234,0
2017-08-04,21:10:00,155.53,155.66,155.51,155.62,135610,0
2017-08-04,21:15:00,155.63,155.65,155.57,155.64,86528,0
2017-08-04,21:20:00,155.63,155.71,155.57,155.57,167976,0
2017-08-04,21:25:00,155.57,155.61,155.53,155.59,112806,0
2017-08-04,21:30:00,155.59,155.64,155.57,155.6,100397,0
2017-08-04,21:35:00,155.6,155.6,155.39,155.44,266130,0
2017-08-04,21:40:00,155.44,155.5,155.34,155.39,187892,0
2017-08-04,21:45:00,155.38,155.46,155.37,155.42,176505,0
2017-08-04,21:50:00,155.41,155.43,155.35,155.36,208527,0
2017-08-04,21:55:00,155.37,155.81,155.36,155.58,653212,0
2017-08-04,22:00:00,155.59,155.78,155.55,155.78,1944655,0
2017-08-07,15:35:00,156.45,156.67,156.06,156.31,890210,0
2017-08-07,15:40:00,156.3,156.59,156.21,156.49,462608,0
2017-08-07,15:45:00,156.5,156.55,156.27,156.54,349806,0
2017-08-07,15:50:00,156.54,156.58,156.42,156.43,313384,0
2017-08-07,15:55:00,156.45,156.65,156.38,156.6,371288,0
2017-08-07,16:00:00,156.6,156.88,156.6,156.81,488068,0
2017-08-07,16:05:00,156.83,156.92,156.71,156.81,357494,0
2017-08-07,16:10:00,156.81,156.92,156.74,156.81,268864,0
2017-08-07,16:15:00,156.8,156.86,156.71,156.82,254900,0
2017-08-07,16:20:00,156.81,156.82,156.63,156.76,251421,0
2017-08-07,16:25:00,156.77,157.1,156.77,157.08,323668,0
2017-08-07,16:30:00,157.08,157.11,156.85,156.92,298637,0
2017-08-07,16:35:00,156.91,157.02,156.88,156.91,157833,0
2017-08-07,16:40:00,156.91,157.07,156.85,157.05,202951,0
2017-08-07,16:45:00,157.05,157.08,156.85,156.88,199694,0
2017-08-07,16:50:00,156.89,156.96,156.76,156.86,200826,0
2017-08-07,16:55:00,156.84,157.05,156.84,157.01,185329,0
2017-08-07,17:00:00,156.99,157.04,156.89,156.92,129433,0
2017-08-07,17:05:00,156.93,156.94,156.77,156.89,159282,0
2017-08-07,17:10:00,156.89,156.92,156.87,156.89,115527,0
2017-08-07,17:15:00,156.89,157.05,156.89,157.03,200519,0
2017-08-07,17:20:00,157.03,157.14,156.93,157.09,219690,0
2017-08-07,17:25:00,157.09,157.22,157.07,157.2,187595,0
2017-08-07,17:30:00,157.2,157.32,157.17,157.23,272570,0
2017-08-07,17:35:00,157.23,157.35,157.21,157.25,220770,0
2017-08-07,17:40:00,157.26,157.27,157.14,157.23,157205,0
2017-08-07,17:45:00,157.22,157.26,157.13,157.18,139125,0
2017-08-07,17:50:00,157.18,157.38,157.18,157.35,166475,0
2017-08-07,17:55:00,157.32,157.36,157.25,157.29,126289,0
2017-08-07,18:00:00,157.29,157.53,157.28,157.42,480568,0
2017-08-07,18:05:00,157.39,157.57,157.39,157.56,149368,0
2017-08-07,18:10:00,157.55,157.56,157.43,157.45,146318,0
2017-08-07,18:15:00,157.46,157.51,157.39,157.5,138877,0
2017-08-07,18:20:00,157.5,157.57,157.42,157.44,188075,0
2017-08-07,18:25:00,157.44,157.5,157.42,157.46,111262,0
2017-08-07,18:30:00,157.46,157.48,157.27,157.32,107407,0
2017-08-07,18:35:00,157.32,157.36,157.18,157.19,248960,0
2017-08-07,18:40:00,157.19,157.24,157.12,157.23,130708,0
2017-08-07,18:45:00,157.22,157.28,157.05,157.1,187497,0
2017-08-07,18:50:00,157.1,157.27,157.09,157.27,173198,0
2017-08-07,18:55:00,157.27,157.33,157.22,157.31,141351,0
2017-08-07,19:00:00,157.31,157.33,157.25,157.32,87338,0
2017-08-07,19:05:00,157.32,157.37,157.24,157.31,125996,0
2017-08-07,19:10:00,157.31,157.37,157.28,157.33,88780,0
2017-08-07,19:15:00,157.34,157.35,157.29,157.32,107225,0
2017-08-07,19:20:00,157.33,157.36,157.23,157.26,123828,0
2017-08-07,19:25:00,157.25,157.35,157.23,157.26,77649,0
2017-08-07,19:30:00,157.27,157.36,157.26,157.31,94900,0
2017-08-07,19:35:00,157.32,157.34,157.28,157.32,60377,0
2017-08-07,19:40:00,157.32,157.37,157.29,157.31,82737,0
2017-08-07,19:45:00,157.32,157.32,157.21,157.25,125488,0
2017-08-07,19:50:00,157.26,157.32,157.24,157.3,56968,0
2017-08-07,19:55:00,157.3,157.32,157.23,157.26,78244,0
2017-08-07,20:00:00,157.26,157.35,157.21,157.33,142193,0
2017-08-07,20:05:00,157.32,157.35,157.3,157.31,76377,0
2017-08-07,20:10:00,157.31,157.33,157.25,157.29,86067,0
2017-08-07,20:15:00,157.29,157.43,157.27,157.38,180705,0
2017-08-07,20:20:00,157.38,157.46,157.38,157.43,122217,0
2017-08-07,20:25:00,157.42,157.51,157.39,157.48,125775,0
2017-08-07,20:30:00,157.47,157.51,157.46,157.5,111656,0
2017-08-07,20:35:00,157.5,157.62,157.49,157.62,181147,0
2017-08-07,20:40:00,157.62,157.8,157.61,157.8,311533,0
2017-08-07,20:45:00,157.81,157.83,157.71,157.75,191743,0
2017-08-07,20:50:00,157.75,157.76,157.65,157.68,182917,0
2017-08-07,20:55:00,157.68,157.76,157.68,157.75,154472,0
2017-08-07,21:00:00,157.74,157.76,157.65,157.68,149081,0
2017-08-07,21:05:00,157.67,157.71,157.58,157.68,186711,0
2017-08-07,21:10:00,157.68,157.76,157.64,157.75,162026,0
2017-08-07,21:15:00,157.76,157.84,157.75,157.81,198246,0
2017-08-07,21:20:00,157.82,157.88,157.78,157.86,196276,0
2017-08-07,21:25:00,157.87,158.06,157.87,158.05,421068,0
2017-08-07,21:30:00,158.05,158.3,158.02,158.3,474738,0
2017-08-07,21:35:00,158.29,158.3,158.05,158.05,414645,0
2017-08-07,21:40:00,158.06,158.08,157.99,158,268693,0
2017-08-07,21:45:00,158,158.19,158,158.09,404922,0
2017-08-07,21:50:00,158.1,158.18,158.01,158.16,343595,0
2017-08-07,21:55:00,158.16,158.25,158.16,158.18,447150,0
2017-08-07,22:00:00,158.19,158.29,157.97,157.97,894645,0
2017-08-08,15:35:00,157.98,158.48,157.83,158.15,949955,0
2017-08-08,15:40:00,158.16,158.23,157.85,157.99,673871,0
2017-08-08,15:45:00,158,158.1,157.65,158,369524,0
2017-08-08,15:50:00,157.98,158.31,157.86,158.23,341604,0
2017-08-08,15:55:00,158.23,158.8,158.21,158.68,633955,0
2017-08-08,16:00:00,158.7,158.93,158.64,158.81,528824,0
2017-08-08,16:05:00,158.82,159.01,158.77,158.92,506488,0
2017-08-08,16:10:00,158.92,159.13,158.88,159.04,494423,0
2017-08-08,16:15:00,159.05,159.31,159.04,159.28,613200,0
2017-08-08,16:20:00,159.29,159.33,159.13,159.31,479728,0
2017-08-08,16:25:00,159.31,159.68,159.24,159.61,1340887,0
2017-08-08,16:30:00,159.62,159.7,159.46,159.57,474721,0
2017-08-08,16:35:00,159.52,159.65,159.39,159.65,468428,0
2017-08-08,16:40:00,159.65,159.97,159.65,159.93,675936,0
2017-08-08,16:45:00,159.93,160.25,159.86,160.24,759511,0
2017-08-08,16:50:00,160.24,160.37,160.06,160.1,837266,0
2017-08-08,16:55:00,160.1,160.36,160.03,160.28,565008,0
2017-08-08,17:00:00,160.29,160.55,160.24,160.53,669018,0
2017-08-08,17:05:00,160.52,160.69,160.41,160.57,648686,0
2017-08-08,17:10:00,160.58,160.77,160.55,160.67,551001,0
2017-08-08,17:15:00,160.67,160.76,160.54,160.6,474811,0
2017-08-08,17:20:00,160.59,160.74,160.59,160.66,345564,0
2017-08-08,17:25:00,160.67,160.79,160.44,160.46,481248,0
2017-08-08,17:30:00,160.46,160.56,160.45,160.54,273749,0
2017-08-08,17:35:00,160.54,160.89,160.52,160.79,535769,0
2017-08-08,17:40:00,160.8,160.88,160.7,160.82,300268,0
2017-08-08,17:45:00,160.82,161.02,160.8,160.97,514879,0
2017-08-08,17:50:00,160.97,161.2,160.9,161.04,497367,0
2017-08-08,17:55:00,161.05,161.13,160.81,160.89,381237,0
2017-08-08,18:00:00,160.9,160.99,160.76,160.81,480366,0
2017-08-08,18:05:00,160.81,160.83,160.62,160.66,365882,0
2017-08-08,18:10:00,160.65,161.02,160.65,160.93,311624,0
2017-08-08,18:15:00,160.92,161.02,160.88,160.89,276658,0
2017-08-08,18:20:00,160.89,161.07,160.87,160.93,293337,0
2017-08-08,18:25:00,160.94,161.12,160.9,161.11,223910,0
2017-08-08,18:30:00,161.11,161.12,160.81,160.81,275103,0
2017-08-08,18:35:00,160.81,160.83,160.4,160.65,440284,0
2017-08-08,18:40:00,160.65,160.72,160.42,160.43,252710,0
2017-08-08,18:45:00,160.42,160.63,160.32,160.61,392691,0
2017-08-08,18:50:00,160.61,160.69,160.5,160.62,224402,0
2017-08-08,18:55:00,160.6,160.71,160.55,160.59,168290,0
2017-08-08,19:00:00,160.58,160.7,160.56,160.57,235828,0
2017-08-08,19:05:00,160.56,160.57,160.26,160.29,336805,0
2017-08-08,19:10:00,160.29,160.4,160.15,160.37,393607,0
2017-08-08,19:15:00,160.37,160.5,160.37,160.43,166147,0
2017-08-08,19:20:00,160.43,160.49,160.37,160.46,133048,0
2017-08-08,19:25:00,160.46,160.68,160.46,160.64,246760,0
2017-08-08,19:30:00,160.64,160.69,159.99,160.23,522567,0
2017-08-08,19:35:00,160.23,160.39,160.02,160.18,372421,0
2017-08-08,19:40:00,160.2,160.3,160.1,160.28,209544,0
2017-08-08,19:45:00,160.28,160.56,160.22,160.42,206731,0
2017-08-08,19:50:00,160.41,160.59,160.38,160.58,141137,0
2017-08-08,19:55:00,160.58,160.6,160.43,160.43,131537,0
2017-08-08,20:00:00,160.44,160.55,160.43,160.55,107011,0
2017-08-08,20:05:00,160.55,160.67,160.55,160.61,177847,0
2017-08-08,20:10:00,160.61,160.64,160.37,160.48,142280,0
2017-08-08,20:15:00,160.48,160.56,160.36,160.55,149415,0
2017-08-08,20:20:00,160.53,160.53,160.44,160.46,110232,0
2017-08-08,20:25:00,160.45,160.58,160.41,160.52,129809,0
2017-08-08,20:30:00,160.53,160.59,160.43,160.46,122328,0
2017-08-08,20:35:00,160.47,160.61,160.45,160.57,146924,0
2017-08-08,20:40:00,160.56,160.6,160.42,160.47,130286,0
2017-08-08,20:45:00,160.47,160.54,160.43,160.44,103921,0
2017-08-08,20:50:00,160.45,160.62,160.45,160.51,193899,0
2017-08-08,20:55:00,160.52,160.65,160.45,160.61,185013,0
2017-08-08,21:00:00,160.61,160.65,160.52,160.59,204258,0
2017-08-08,21:05:00,160.59,160.61,160.34,160.35,288387,0
2017-08-08,21:10:00,160.35,160.47,160.25,160.4,244853,0
2017-08-08,21:15:00,160.4,160.45,160.35,160.45,152175,0
2017-08-08,21:20:00,160.44,160.47,160.29,160.43,218037,0
2017-08-08,21:25:00,160.46,160.57,160.05,160.13,354918,0
2017-08-08,21:30:00,160.11,160.29,159.51,159.8,788007,0
2017-08-08,21:35:00,159.8,159.83,159.2,159.43,841304,0
2017-08-08,21:40:00,159.44,159.61,158.89,159.55,1032228,0
2017-08-08,21:45:00,159.55,159.61,159.28,159.31,402139,0
2017-08-08,21:50:00,159.3,159.56,159.3,159.46,501943,0
2017-08-08,21:55:00,159.45,159.5,159.17,159.26,580630,0
2017-08-08,22:00:00,159.25,159.54,159.17,159.45,2119808,0
2017-08-09,15:35:00,158.64,159.33,158.49,159.25,1202997,0
2017-08-09,15:40:00,159.25,159.62,159.09,159.34,789005,0
2017-08-09,15:45:00,159.37,159.55,158.6,158.97,682373,0
2017-08-09,15:50:00,158.99,159.3,158.71,159.16,465572,0
2017-08-09,15:55:00,159.15,159.27,158.86,159.24,406884,0
2017-08-09,16:00:00,159.25,159.94,159.25,159.74,775239,0
2017-08-09,16:05:00,159.75,159.85,159.45,159.51,414294,0
2017-08-09,16:10:00,159.52,159.81,158.67,159.75,354029,0
2017-08-09,16:15:00,159.74,159.96,159.44,159.46,326703,0
2017-08-09,16:20:00,159.45,159.72,159.44,159.67,314275,0
2017-08-09,16:25:00,159.67,160.04,159.59,159.95,424320,0
2017-08-09,16:30:00,159.95,160.07,159.73,159.76,280687,0
2017-08-09,16:35:00,159.76,160.23,159.72,160.19,343317,0
2017-08-09,16:40:00,160.19,160.42,160.18,160.25,422537,0
2017-08-09,16:45:00,160.25,160.4,160.03,160.06,326988,0
2017-08-09,16:50:00,160.06,160.12,159.73,159.84,258719,0
2017-08-09,16:55:00,159.85,160.11,159.82,160.08,245926,0
2017-08-09,17:00:00,160.08,160.22,160,160.01,217142,0
2017-08-09,17:05:00,160.01,160.04,159.74,159.94,246450,0
2017-08-09,17:10:00,159.94,160.02,159.7,159.73,278845,0
2017-08-09,17:15:00,159.74,159.74,159.5,159.6,274191,0
2017-08-09,17:20:00,159.61,159.75,159.3,159.35,241405,0
2017-08-09,17:25:00,159.35,159.59,159.35,159.45,221192,0
2017-08-09,17:30:00,159.45,159.51,159.33,159.46,165073,0
2017-08-09,17:35:00,159.46,159.6,159.27,159.28,264891,0
2017-08-09,17:40:00,159.28,159.58,159.27,159.56,215772,0
2017-08-09,17:45:00,159.56,159.6,159.43,159.5,198077,0
2017-08-09,17:50:00,159.49,159.55,159.35,159.51,144272,0
2017-08-09,17:55:00,159.51,159.87,159.43,159.79,319509,0
2017-08-09,18:00:00,159.8,160.11,159.73,160.1,351539,0
2017-08-09,18:05:00,160.11,160.15,159.88,160.06,252440,0
2017-08-09,18:10:00,160.05,160.09,159.76,159.78,211166,0
2017-08-09,18:15:00,159.78,159.87,159.7,159.8,137428,0
2017-08-09,18:20:00,159.79,159.92,159.77,159.88,129127,0
2017-08-09,18:25:00,159.87,160.07,159.87,159.95,137541,0
2017-08-09,18:30:00,159.94,160.01,159.89,159.92,112394,0
2017-08-09,18:35:00,159.92,160.01,159.87,159.95,105878,0
2017-08-09,18:40:00,159.95,160,159.8,159.81,126706,0
2017-08-09,18:45:00,159.8,159.85,159.75,159.8,104259,0
2017-08-09,18:50:00,159.8,159.93,159.77,159.79,233145,0
2017-08-09,18:55:00,159.79,159.85,159.69,159.71,143879,0
2017-08-09,19:00:00,159.71,159.72,159.54,159.69,500163,0
2017-08-09,19:05:00,159.69,160.12,159.69,160.09,374340,0
2017-08-09,19:10:00,160.09,160.21,159.97,160.19,219880,0
2017-08-09,19:15:00,160.2,160.29,160.12,160.24,205296,0
2017-08-09,19:20:00,160.23,160.3,159.93,160.03,207829,0
2017-08-09,19:25:00,160.03,160.14,160.01,160.05,92152,0
2017-08-09,19:30:00,160.04,160.06,159.95,160.01,100041,0
2017-08-09,19:35:00,160.01,160.11,159.99,160.06,92614,0
2017-08-09,19:40:00,160.06,160.08,159.98,160.01,89701,0
2017-08-09,19:45:00,160.02,160.29,160.02,160.21,205799,0
2017-08-09,19:50:00,160.21,160.37,160.17,160.35,211722,0
2017-08-09,19:55:00,160.35,160.49,160.25,160.45,305177,0
2017-08-09,20:00:00,160.44,160.61,160.31,160.57,386922,0
2017-08-09,20:05:00,160.57,160.64,160.41,160.49,276342,0
2017-08-09,20:10:00,160.49,160.49,160.23,160.25,232970,0
2017-08-09,20:15:00,160.26,160.32,160.09,160.19,243327,0
2017-08-09,20:20:00,160.19,160.21,160.11,160.16,153493,0
2017-08-09,20:25:00,160.15,160.25,160.04,160.05,181200,0
2017-08-09,20:30:00,160.05,160.18,160.01,160.16,170624,0
2017-08-09,20:35:00,160.16,160.22,159.96,159.98,202781,0
2017-08-09,20:40:00,159.98,160.05,159.9,159.94,174923,0
2017-08-09,20:45:00,159.94,160.03,159.92,159.99,139412,0
2017-08-09,20:50:00,159.99,160.12,159.78,159.96,344838,0
2017-08-09,20:55:00,159.97,159.98,159.84,159.94,223428,0
2017-08-09,21:00:00,159.92,160.05,159.85,160.02,198579,0
2017-08-09,21:05:00,160.02,160.14,159.95,160.09,183985,0
2017-08-09,21:10:00,160.09,160.1,159.86,159.9,205060,0
2017-08-09,21:15:00,159.9,159.93,159.77,159.88,189195,0
2017-08-09,21:20:00,159.87,160.29,159.87,160.24,291884,0
2017-08-09,21:25:00,160.22,160.25,160.09,160.2,192582,0
2017-08-09,21:30:00,160.2,160.25,160.05,160.09,193978,0
2017-08-09,21:35:00,160.09,160.11,160.02,160.07,235839,0
2017-08-09,21:40:00,160.06,160.32,160.03,160.16,278508,0
2017-08-09,21:45:00,160.15,160.29,160.15,160.26,236427,0
2017-08-09,21:50:00,160.25,160.47,160.24,160.45,460859,0
2017-08-09,21:55:00,160.44,160.58,160.37,160.39,582741,0
2017-08-09,22:00:00,160.39,160.57,160.38,160.43,1719484,0
2017-08-10,15:35:00,159.9,160,159.38,159.8021,687801,0
2017-08-10,15:40:00,159.82,159.9,159.33,159.43,653299,0
2017-08-10,15:45:00,159.42,159.47,159.04,159.2,694645,0
2017-08-10,15:50:00,159.2,159.23,158.8501,159.01,652194,0
2017-08-10,15:55:00,159.01,159.24,158.81,159.125,711192,0
2017-08-10,16:00:00,159.125,159.18,158.83,158.9767,452545,0
2017-08-10,16:05:00,158.99,159.15,158.3,158.4814,778562,0
2017-08-10,16:10:00,158.47,158.59,158.05,158.57,601299,0
2017-08-10,16:15:00,158.58,158.8,158.38,158.5,592406,0
2017-08-10,16:20:00,158.4997,158.9,158.445,158.845,517256,0
2017-08-10,16:25:00,158.85,158.97,158.66,158.81,368612,0
2017-08-10,16:30:00,158.81,159.09,158.581,158.99,329381,0
2017-08-10,16:35:00,158.99,159.12,158.65,158.91,288056,0
2017-08-10,16:40:00,158.905,159.19,158.88,159.1499,321957,0
2017-08-10,16:45:00,159.155,159.1744,159.02,159.1744,199698,0
2017-08-10,16:50:00,159.17,159.3,159.11,159.11,263889,0
2017-08-10,16:55:00,159.11,159.2,159.08,159.15,198608,0
2017-08-10,17:00:00,159.1413,159.26,159.07,159.1105,243001,0
2017-08-10,17:05:00,159.1136,159.1136,158.825,158.84,276079,0
2017-08-10,17:10:00,158.85,159.0048,158.79,158.93,231780,0
2017-08-10,17:15:00,158.93,158.95,158.782,158.85,136712,0
2017-08-10,17:20:00,158.84,158.875,158.65,158.7322,181286,0
2017-08-10,17:25:00,158.72,158.72,158.29,158.3049,342142,0
2017-08-10,17:30:00,158.31,158.5,158.16,158.37,379061,0
2017-08-10,17:35:00,158.3795,158.53,158.215,158.27,374342,0
2017-08-10,17:40:00,158.2605,158.27,157.76,158.08,672128,0
2017-08-10,17:45:00,158.08,158.11,157.69,157.75,406049,0
2017-08-10,17:50:00,157.76,157.89,157.48,157.5487,455018,0
2017-08-10,17:55:00,157.5401,157.66,157.29,157.37,522509,0
2017-08-10,18:00:00,157.355,157.62,157.295,157.49,304633,0
2017-08-10,18:05:00,157.485,157.82,157.33,157.56,503511,0
2017-08-10,18:10:00,157.58,157.84,157.39,157.7496,346144,0
2017-08-10,18:15:00,157.76,157.87,157.7,157.85,273143,0
2017-08-10,18:20:00,157.86,157.91,157.51,157.5996,353232,0
2017-08-10,18:25:00,157.5988,157.63,157.3,157.4,384536,0
2017-08-10,18:30:00,157.3987,157.49,157.08,157.21,372487,0
2017-08-10,18:35:00,157.2026,157.28,156.7,156.753,599317,0
2017-08-10,18:40:00,156.78,156.87,156.42,156.85,529223,0
2017-08-10,18:45:00,156.87,157.04,156.7614,156.97,410173,0
2017-08-10,18:50:00,156.97,157.12,156.91,156.92,402025,0
2017-08-10,18:55:00,156.92,156.92,156.6,156.7753,365813,0
2017-08-10,19:00:00,156.77,156.92,156.65,156.87,326286,0
2017-08-10,19:05:00,156.87,157.28,156.83,157.22,620697,0
2017-08-10,19:10:00,157.22,157.23,156.88,157.0001,341097,0
2017-08-10,19:15:00,157.01,157.02,156.78,156.83,203822,0
2017-08-10,19:20:00,156.82,156.94,156.65,156.88,214754,0
2017-08-10,19:25:00,156.89,157.2247,156.86,157.1299,277816,0
2017-08-10,19:30:00,157.13,157.39,157.115,157.36,280528,0
2017-08-10,19:35:00,157.36,157.47,157.3,157.3,240221,0
2017-08-10,19:40:00,157.3,157.33,157.08,157.205,216106,0
2017-08-10,19:45:00,157.2044,157.2305,156.82,156.865,230020,0
2017-08-10,19:50:00,156.8757,157.06,156.83,157.0283,190537,0
2017-08-10,19:55:00,157.02,157.1,156.73,156.77,265556,0
2017-08-10,20:00:00,156.76,156.8798,156.59,156.81,340126,0
2017-08-10,20:05:00,156.82,156.9,156.73,156.8606,201872,0
2017-08-10,20:10:00,156.86,156.94,156.67,156.79,217494,0
2017-08-10,20:15:00,156.7944,157.13,156.7944,157.06,321097,0
2017-08-10,20:20:00,157.06,157.29,157.05,157.27,236564,0
2017-08-10,20:25:00,157.25,157.29,157.085,157.15,202414,0
2017-08-10,20:30:00,157.16,157.22,157.07,157.15,148792,0
2017-08-10,20:35:00,157.15,157.45,157.12,157.28,292839,0
2017-08-10,20:40:00,157.28,157.3199,156.95,156.98,287666,0
2017-08-10,20:45:00,156.99,157,156.7844,156.86,195882,0
2017-08-10,20:50:00,156.8561,157.11,156.78,157.05,187497,0
2017-08-10,20:55:00,157.0585,157.1,156.85,156.93,200163,0
2017-08-10,21:00:00,156.92,156.97,156.82,156.95,187333,0
2017-08-10,21:05:00,156.95,157.11,156.82,156.9118,227384,0
2017-08-10,21:10:00,156.9197,156.9197,156.65,156.77,324166,0
2017-08-10,21:15:00,156.76,156.76,156.47,156.485,315790,0
2017-08-10,21:20:00,156.48,156.48,155.76,156.22,887550,0
2017-08-10,21:25:00,156.23,156.27,155.69,156.205,653151,0
2017-08-10,21:30:00,156.2,156.23,155.8,156.07,495026,0
2017-08-10,21:35:00,156.06,156.21,155.72,155.82,550854,0
2017-08-10,21:40:00,155.83,155.9399,155.35,155.35,721979,0
2017-08-10,21:45:00,155.35,155.61,155.25,155.4,715360,0
2017-08-10,21:50:00,155.3901,155.44,154.63,154.92,1269524,0
2017-08-10,21:55:00,154.91,155.47,154.84,155.4673,902792,0
2017-08-10,22:00:00,155.465,155.55,155.1601,155.27,2609522,0
2017-08-11,15:35:00,156.6,157.79,156.07,157.2304,2222889,0
2017-08-11,15:40:00,157.24,157.24,156.63,156.6403,647596,0
2017-08-11,15:45:00,156.67,157.21,156.43,157.05,742922,0
2017-08-11,15:50:00,157.0512,157.14,156.73,156.895,588052,0
2017-08-11,15:55:00,156.9,157.98,156.9,157.76,802655,0
2017-08-11,16:00:00,157.7699,157.9,157.4,157.83,492765,0
2017-08-11,16:05:00,157.825,158.085,157.57,157.9374,554505,0
2017-08-11,16:10:00,157.935,158.5,157.93,158.2697,713831,0
2017-08-11,16:15:00,158.27,158.5728,158.12,158.12,567502,0
2017-08-11,16:20:00,158.12,158.36,157.95,157.97,446794,0
2017-08-11,16:25:00,157.98,158.14,157.8701,157.94,376157,0
2017-08-11,16:30:00,157.95,157.96,157.4334,157.54,383637,0
2017-08-11,16:35:00,157.55,157.667,157.05,157.6568,485843,0
2017-08-11,16:40:00,157.631,157.91,157.58,157.68,262745,0
2017-08-11,16:45:00,157.68,158.03,157.58,157.58,320414,0
2017-08-11,16:50:00,157.5834,157.78,157.3,157.35,281704,0
2017-08-11,16:55:00,157.35,157.565,157.3,157.324,184222,0
2017-08-11,17:00:00,157.33,157.55,157.19,157.46,217025,0
2017-08-11,17:05:00,157.4444,157.45,157.13,157.3,231229,0
2017-08-11,17:10:00,157.29,157.4,157.21,157.32,162914,0
2017-08-11,17:15:00,157.3,157.64,157.24,157.62,213863,0
2017-08-11,17:20:00,157.6141,157.76,157.43,157.431,247151,0
2017-08-11,17:25:00,157.43,157.4613,157.12,157.4,334499,0
2017-08-11,17:30:00,157.41,157.54,157.12,157.2463,190060,0
2017-08-11,17:35:00,157.26,157.57,157.26,157.53,137930,0
2017-08-11,17:40:00,157.5401,157.7828,157.5401,157.7516,198573,0
2017-08-11,17:45:00,157.77,157.8,157.44,157.64,109217,0
2017-08-11,17:50:00,157.629,157.87,157.6,157.63,194678,0
2017-08-11,17:55:00,157.63,157.84,157.59,157.62,141294,0
2017-08-11,18:00:00,157.62,157.6693,157.49,157.63,134396,0
2017-08-11,18:05:00,157.6201,157.6625,157.42,157.495,178833,0
2017-08-11,18:10:00,157.49,157.8,157.49,157.775,148455,0
2017-08-11,18:15:00,157.77,157.88,157.7,157.73,152650,0
2017-08-11,18:20:00,157.71,157.8,157.7,157.7941,89129,0
2017-08-11,18:25:00,157.795,157.88,157.72,157.76,130388,0
2017-08-11,18:30:00,157.75,157.77,157.6448,157.71,108159,0
2017-08-11,18:35:00,157.72,157.79,157.65,157.7657,78719,0
2017-08-11,18:40:00,157.7666,157.8,157.74,157.77,67628,0
2017-08-11,18:45:00,157.77,157.97,157.76,157.9299,205516,0
2017-08-11,18:50:00,157.93,158.05,157.88,157.948,184483,0
2017-08-11,18:55:00,157.945,158.05,157.87,157.895,132024,0
2017-08-11,19:00:00,157.9,157.9455,157.79,157.81,85845,0
2017-08-11,19:05:00,157.82,157.89,157.77,157.85,115559,0
2017-08-11,19:10:00,157.85,158,157.8,157.9946,99519,0
2017-08-11,19:15:00,158,158.03,157.92,157.92,107801,0
2017-08-11,19:20:00,157.93,157.93,157.805,157.9,105290,0
2017-08-11,19:25:00,157.9,157.91,157.65,157.7,127227,0
2017-08-11,19:30:00,157.69,157.79,157.5942,157.5942,160866,0
2017-08-11,19:35:00,157.6,157.77,157.6,157.73,124686,0
2017-08-11,19:40:00,157.73,157.76,157.52,157.5782,141160,0
2017-08-11,19:45:00,157.58,157.77,157.5268,157.7244,170295,0
2017-08-11,19:50:00,157.72,157.9,157.67,157.88,186896,0
2017-08-11,19:55:00,157.87,157.895,157.775,157.8587,96856,0
2017-08-11,20:00:00,157.86,158,157.82,157.915,169223,0
2017-08-11,20:05:00,157.914,157.9699,157.82,157.85,123797,0
2017-08-11,20:10:00,157.85,157.99,157.8,157.98,104835,0
2017-08-11,20:15:00,157.98,158.13,157.94,158.095,186749,0
2017-08-11,20:20:00,158.1,158.22,158.06,158.07,203536,0
2017-08-11,20:25:00,158.08,158.18,158.075,158.16,113891,0
2017-08-11,20:30:00,158.1633,158.27,158.14,158.26,237543,0
2017-08-11,20:35:00,158.265,158.31,157.98,158,297090,0
2017-08-11,20:40:00,157.98,157.99,157.58,157.66,276823,0
2017-08-11,20:45:00,157.65,157.84,157.62,157.7176,238967,0
2017-08-11,20:50:00,157.72,157.835,157.53,157.61,202717,0
2017-08-11,20:55:00,157.61,157.74,157.3,157.35,263592,0
2017-08-11,21:00:00,157.34,157.4618,157.16,157.25,245065,0
2017-08-11,21:05:00,157.25,157.58,157.25,157.42,255320,0
2017-08-11,21:10:00,157.41,157.46,157.21,157.25,135652,0
2017-08-11,21:15:00,157.25,157.355,157.05,157.099,196404,0
2017-08-11,21:20:00,157.1,157.22,156.89,156.94,299160,0
2017-08-11,21:25:00,156.94,157.17,156.87,157.095,344170,0
2017-08-11,21:30:00,157.11,157.36,157.1095,157.22,229079,0
2017-08-11,21:35:00,157.221,157.26,157.02,157.18,237287,0
2017-08-11,21:40:00,157.18,157.42,157.08,157.3936,281513,0
2017-08-11,21:45:00,157.3901,157.3901,157.23,157.28,231464,0
2017-08-11,21:50:00,157.285,157.6,157.255,157.57,414279,0
2017-08-11,21:55:00,157.56,157.6,157.46,157.54,405074,0
2017-08-11,22:00:00,157.531,157.59,157.25,157.48,1710408,0
2017-08-14,15:35:00,159.32,159.57,158.75,159.5,1531454,0
2017-08-14,15:40:00,159.47,159.63,158.91,159.02,762790,0
2017-08-14,15:45:00,159.03,159.18,158.77,159.11,591562,0
2017-08-14,15:50:00,159.1,159.38,158.98,159.1,454869,0
2017-08-14,15:55:00,159.09,159.2,158.9,158.9752,332144,0
2017-08-14,16:00:00,158.98,159.33,158.98,159.2635,227286,0
2017-08-14,16:05:00,159.26,159.73,159.26,159.575,515101,0
2017-08-14,16:10:00,159.6,159.6,159.34,159.3768,232624,0
2017-08-14,16:15:00,159.39,159.55,159.205,159.22,356145,0
2017-08-14,16:20:00,159.22,159.4353,159.215,159.3137,239746,0
2017-08-14,16:25:00,159.32,159.42,159.22,159.33,166847,0
2017-08-14,16:30:00,159.349,159.42,159.24,159.26,139824,0
2017-08-14,16:35:00,159.26,159.52,159.25,159.5007,256478,0
2017-08-14,16:40:00,159.51,159.53,159.4,159.44,165764,0
2017-08-14,16:45:00,159.44,159.48,159.39,159.43,135464,0
2017-08-14,16:50:00,159.43,159.59,159.4,159.54,203808,0
2017-08-14,16:55:00,159.54,159.6,159.32,159.42,223705,0
2017-08-14,17:00:00,159.4256,159.56,159.35,159.5,134621,0
2017-08-14,17:05:00,159.5018,159.5067,159.27,159.32,183621,0
2017-08-14,17:10:00,159.32,159.38,159.21,159.305,186077,0
2017-08-14,17:15:00,159.31,159.3801,159.275,159.3,109204,0
2017-08-14,17:20:00,159.295,159.34,159.19,159.25,171058,0
2017-08-14,17:25:00,159.2302,159.36,159.15,159.3401,132805,0
2017-08-14,17:30:00,159.35,159.5,159.34,159.44,231340,0
2017-08-14,17:35:00,159.45,159.5,159.38,159.4,144253,0
2017-08-14,17:40:00,159.4,159.455,159.3399,159.363,106767,0
2017-08-14,17:45:00,159.37,159.38,159.25,159.2699,89285,0
2017-08-14,17:50:00,159.26,159.34,159.22,159.27,121385,0
2017-08-14,17:55:00,159.2642,159.3436,159.2,159.34,140155,0
2017-08-14,18:00:00,159.34,159.38,159.25,159.3182,112109,0
2017-08-14,18:05:00,159.32,159.42,159.2349,159.29,169529,0
2017-08-14,18:10:00,159.291,159.34,159.22,159.22,88633,0
2017-08-14,18:15:00,159.22,159.27,159.13,159.14,94767,0
2017-08-14,18:20:00,159.14,159.26,159.08,159.14,127899,0
2017-08-14,18:25:00,159.14,159.2799,159.1,159.27,58243,0
2017-08-14,18:30:00,159.27,159.31,159.14,159.1616,92723,0
2017-08-14,18:35:00,159.1576,159.1863,159.05,159.1502,103548,0
2017-08-14,18:40:00,159.14,159.15,159.06,159.1115,87220,0
2017-08-14,18:45:00,159.12,159.25,159.06,159.19,119108,0
2017-08-14,18:50:00,159.19,159.33,159.18,159.33,95436,0
2017-08-14,18:55:00,159.3355,159.35,159.255,159.305,93944,0
2017-08-14,19:00:00,159.28,159.37,159.24,159.34,78677,0
2017-08-14,19:05:00,159.35,159.405,159.23,159.25,118585,0
2017-08-14,19:10:00,159.25,159.42,159.24,159.3799,160318,0
2017-08-14,19:15:00,159.3799,159.44,159.344,159.44,130172,0
2017-08-14,19:20:00,159.44,159.77,159.44,159.7325,635619,0
2017-08-14,19:25:00,159.7393,159.88,159.69,159.79,348908,0
2017-08-14,19:30:00,159.81,159.9361,159.79,159.89,246882,0
2017-08-14,19:35:00,159.89,160,159.84,159.96,203749,0
2017-08-14,19:40:00,159.96,160,159.905,159.98,171539,0
2017-08-14,19:45:00,159.98,160.04,159.8199,159.9025,450345,0
2017-08-14,19:50:00,159.91,159.9337,159.74,159.76,204361,0
2017-08-14,19:55:00,159.7523,159.88,159.75,159.85,140493,0
2017-08-14,20:00:00,159.8438,159.9,159.8,159.9,118669,0
2017-08-14,20:05:00,159.9,159.97,159.87,159.9699,132199,0
2017-08-14,20:10:00,159.96,160.1,159.95,160.09,251597,0
2017-08-14,20:15:00,160.09,160.15,159.98,159.98,246147,0
2017-08-14,20:20:00,159.9847,159.99,159.83,159.96,164582,0
2017-08-14,20:25:00,159.98,160.04,159.9,160,123688,0
2017-08-14,20:30:00,160,160,159.87,159.91,92110,0
2017-08-14,20:35:00,159.9,159.985,159.9,159.9347,89889,0
2017-08-14,20:40:00,159.93,159.94,159.83,159.9,151232,0
2017-08-14,20:45:00,159.9099,159.98,159.88,159.9647,95972,0
2017-08-14,20:50:00,159.9657,159.9799,159.7848,159.81,140652,0
2017-08-14,20:55:00,159.81,159.81,159.47,159.522,264341,0
2017-08-14,21:00:00,159.51,159.69,159.46,159.605,215178,0
2017-08-14,21:05:00,159.6014,159.66,159.55,159.58,150439,0
2017-08-14,21:10:00,159.58,159.71,159.571,159.69,162314,0
2017-08-14,21:15:00,159.7,159.75,159.6501,159.69,158840,0
2017-08-14,21:20:00,159.6852,159.83,159.61,159.8,141237,0
2017-08-14,21:25:00,159.79,159.84,159.73,159.828,140100,0
2017-08-14,21:30:00,159.83,159.8963,159.76,159.89,140829,0
2017-08-14,21:35:00,159.89,159.95,159.83,159.87,232677,0
2017-08-14,21:40:00,159.87,159.93,159.83,159.892,176931,0
2017-08-14,21:45:00,159.89,159.95,159.79,159.79,261693,0
2017-08-14,21:50:00,159.79,159.9,159.74,159.83,337180,0
2017-08-14,21:55:00,159.83,160.21,159.83,160.0701,700734,0
2017-08-14,22:00:00,160.08,160.17,159.78,159.85,2320769,0
2017-08-15,15:35:00,160.66,161.11,160.4334,160.99,1271326,0
2017-08-15,15:40:00,160.97,161.17,160.5,160.82,627074,0
2017-08-15,15:45:00,160.8299,160.92,160.45,160.605,457337,0
2017-08-15,15:50:00,160.59,160.63,160.14,160.37,498682,0
2017-08-15,15:55:00,160.39,160.63,160.34,160.58,386684,0
2017-08-15,16:00:00,160.58,160.85,160.58,160.7435,436107,0
2017-08-15,16:05:00,160.74,160.96,160.73,160.78,408555,0
2017-08-15,16:10:00,160.78,160.84,160.62,160.705,336051,0
2017-08-15,16:15:00,160.71,160.73,160.56,160.69,426968,0
2017-08-15,16:20:00,160.6864,160.7546,160.44,160.55,359891,0
2017-08-15,16:25:00,160.55,160.76,160.41,160.7199,320701,0
2017-08-15,16:30:00,160.72,161.01,160.72,160.9942,383053,0
2017-08-15,16:35:00,160.99,160.995,160.69,160.847,346893,0
2017-08-15,16:40:00,160.83,161.04,160.66,161,279107,0
2017-08-15,16:45:00,161,161.34,160.97,161.3,493644,0
2017-08-15,16:50:00,161.3,161.31,161.01,161.09,324617,0
2017-08-15,16:55:00,161.09,161.2943,161.04,161.1442,296898,0
2017-08-15,17:00:00,161.1546,161.28,161.1,161.2,280853,0
2017-08-15,17:05:00,161.2,161.39,161.15,161.15,285434,0
2017-08-15,17:10:00,161.14,161.26,160.9501,161.2293,229267,0
2017-08-15,17:15:00,161.23,161.35,161.18,161.28,215759,0
2017-08-15,17:20:00,161.28,161.3,161.14,161.3,195257,0
2017-08-15,17:25:00,161.31,161.47,161.31,161.45,371914,0
2017-08-15,17:30:00,161.45,161.47,161.3289,161.4644,227054,0
2017-08-15,17:35:00,161.46,161.57,161.4,161.5527,334261,0
2017-08-15,17:40:00,161.5524,161.65,161.54,161.63,246829,0
2017-08-15,17:45:00,161.63,161.649,161.56,161.62,196912,0
2017-08-15,17:50:00,161.62,161.63,161.42,161.47,280874,0
2017-08-15,17:55:00,161.4703,161.49,161.2145,161.25,347661,0
2017-08-15,18:00:00,161.26,161.39,161.22,161.273,215752,0
2017-08-15,18:05:00,161.27,161.48,161.2208,161.4,234714,0
2017-08-15,18:10:00,161.4,161.62,161.39,161.59,235076,0
2017-08-15,18:15:00,161.5943,161.61,161.5,161.56,178763,0
2017-08-15,18:20:00,161.57,161.69,161.55,161.6001,268738,0
2017-08-15,18:25:00,161.6055,161.63,161.5259,161.55,157518,0
2017-08-15,18:30:00,161.55,161.57,161.46,161.5101,146275,0
2017-08-15,18:35:00,161.5168,161.66,161.5,161.64,199267,0
2017-08-15,18:40:00,161.64,161.785,161.63,161.74,320875,0
2017-08-15,18:45:00,161.74,161.87,161.737,161.83,326100,0
2017-08-15,18:50:00,161.83,161.98,161.8,161.97,347040,0
2017-08-15,18:55:00,161.9799,162.1,161.95,161.9504,870990,0
2017-08-15,19:00:00,161.9577,162.18,161.95,162.155,406494,0
2017-08-15,19:05:00,162.155,162.18,161.7812,161.8857,453280,0
2017-08-15,19:10:00,161.89,161.95,161.73,161.919,228045,0
2017-08-15,19:15:00,161.929,162.19,161.925,162.185,356582,0
2017-08-15,19:20:00,162.175,162.195,161.98,161.99,219113,0
2017-08-15,19:25:00,162,162.02,161.82,161.89,179575,0
2017-08-15,19:30:00,161.895,161.99,161.77,161.99,247725,0
2017-08-15,19:35:00,161.98,162.0699,161.91,161.9234,343284,0
2017-08-15,19:40:00,161.925,161.93,161.69,161.74,257650,0
2017-08-15,19:45:00,161.741,161.87,161.6901,161.7099,376745,0
2017-08-15,19:50:00,161.7057,161.76,161.6,161.735,192758,0
2017-08-15,19:55:00,161.74,161.77,161.54,161.59,221924,0
2017-08-15,20:00:00,161.5825,161.71,161.46,161.63,415667,0
2017-08-15,20:05:00,161.62,161.83,161.585,161.8043,189733,0
2017-08-15,20:10:00,161.801,161.88,161.68,161.8497,173622,0
2017-08-15,20:15:00,161.86,161.86,161.78,161.8364,268369,0
2017-08-15,20:20:00,161.8357,161.8401,161.73,161.79,117463,0
2017-08-15,20:25:00,161.8,161.84,161.685,161.7,156625,0
2017-08-15,20:30:00,161.7,161.83,161.65,161.82,277003,0
2017-08-15,20:35:00,161.81,161.85,161.73,161.77,124937,0
2017-08-15,20:40:00,161.7701,161.82,161.71,161.785,133014,0
2017-08-15,20:45:00,161.7895,161.79,161.58,161.6764,286306,0
2017-08-15,20:50:00,161.68,161.71,161.5501,161.63,125633,0
2017-08-15,20:55:00,161.63,161.655,161.5,161.5536,135950,0
2017-08-15,21:00:00,161.55,161.67,161.511,161.65,124243,0
2017-08-15,21:05:00,161.6438,161.68,161.59,161.675,241596,0
2017-08-15,21:10:00,161.68,161.86,161.663,161.83,395070,0
2017-08-15,21:15:00,161.84,161.86,161.74,161.853,204872,0
2017-08-15,21:20:00,161.8547,161.95,161.81,161.857,336933,0
2017-08-15,21:25:00,161.8541,161.9113,161.72,161.78,221044,0
2017-08-15,21:30:00,161.78,161.8571,161.75,161.78,376710,0
2017-08-15,21:35:00,161.77,161.7873,161.69,161.7645,134292,0
2017-08-15,21:40:00,161.7601,161.845,161.69,161.82,265501,0
2017-08-15,21:45:00,161.82,161.9,161.809,161.89,219322,0
2017-08-15,21:50:00,161.89,162.02,161.84,161.95,358908,0
2017-08-15,21:55:00,161.94,161.96,161.69,161.73,541498,0
2017-08-15,22:00:00,161.73,161.73,161.54,161.6,1867150,0
2017-08-16,15:35:00,161.94,162.15,161.25,161.8321,1210782,0
2017-08-16,15:40:00,161.83,161.99,161.32,161.3369,491907,0
2017-08-16,15:45:00,161.3301,161.45,161.06,161.39,499386,0
2017-08-16,15:50:00,161.4,161.53,161.1,161.1701,495764,0
2017-08-16,15:55:00,161.18,161.27,160.93,161.256,449319,0
2017-08-16,16:00:00,161.2543,161.54,161.2543,161.45,344996,0
2017-08-16,16:05:00,161.45,161.47,161.15,161.2283,230017,0
2017-08-16,16:10:00,161.24,161.34,161.12,161.28,207362,0
2017-08-16,16:15:00,161.27,161.27,161.11,161.19,149954,0
2017-08-16,16:20:00,161.18,161.5363,161.18,161.43,239629,0
2017-08-16,16:25:00,161.44,161.4913,161.37,161.42,166060,0
2017-08-16,16:30:00,161.4233,161.72,161.378,161.7,214851,0
2017-08-16,16:35:00,161.7,161.79,161.61,161.6413,245691,0
2017-08-16,16:40:00,161.65,161.87,161.58,161.86,200465,0
2017-08-16,16:45:00,161.87,161.97,161.76,161.869,227228,0
2017-08-16,16:50:00,161.86,162.35,161.86,162.3199,685655,0
2017-08-16,16:55:00,162.31,162.39,162.16,162.175,386853,0
2017-08-16,17:00:00,162.18,162.2801,162.11,162.23,307144,0
2017-08-16,17:05:00,162.225,162.33,162.15,162.16,262034,0
2017-08-16,17:10:00,162.158,162.25,162.04,162.08,234391,0
2017-08-16,17:15:00,162.07,162.18,161.93,161.95,236231,0
2017-08-16,17:20:00,161.95,162.15,161.9,162.09,253527,0
2017-08-16,17:25:00,162.08,162.149,161.945,161.99,210930,0
2017-08-16,17:30:00,161.98,161.9999,161.77,161.8389,234745,0
2017-08-16,17:35:00,161.8355,161.97,161.8355,161.92,181361,0
2017-08-16,17:40:00,161.92,162,161.79,161.96,179453,0
2017-08-16,17:45:00,161.96,162.05,161.9,162.0193,381443,0
2017-08-16,17:50:00,162.0199,162.1358,161.97,162.0984,201632,0
2017-08-16,17:55:00,162.0946,162.095,161.94,161.96,129783,0
2017-08-16,18:00:00,161.95,162.06,161.94,162.01,108683,0
2017-08-16,18:05:00,162.02,162.3,162.0146,162.2147,265009,0
2017-08-16,18:10:00,162.2151,162.31,162.06,162.235,259340,0
2017-08-16,18:15:00,162.24,162.34,162.24,162.3058,308044,0
2017-08-16,18:20:00,162.31,162.45,162.27,162.38,293645,0
2017-08-16,18:25:00,162.38,162.5,162.36,162.38,287608,0
2017-08-16,18:30:00,162.3724,162.51,162.35,162.39,247060,0
2017-08-16,18:35:00,162.3975,162.465,162.26,162.2963,210699,0
2017-08-16,18:40:00,162.29,162.3144,162.13,162.21,183176,0
2017-08-16,18:45:00,162.21,162.2557,162.14,162.15,123610,0
2017-08-16,18:50:00,162.1564,162.19,162.05,162.09,224451,0
2017-08-16,18:55:00,162.1,162.1,161.8601,161.97,231702,0
2017-08-16,19:00:00,161.97,162,161.624,161.7335,280386,0
2017-08-16,19:05:00,161.73,161.79,161.66,161.76,231021,0
2017-08-16,19:10:00,161.75,161.775,161.58,161.6456,232553,0
2017-08-16,19:15:00,161.645,161.66,161.01,161.13,563623,0
2017-08-16,19:20:00,161.13,161.38,161.02,161.345,299178,0
2017-08-16,19:25:00,161.32,161.37,161.19,161.2401,181073,0
2017-08-16,19:30:00,161.25,161.26,160.96,161.1247,418903,0
2017-08-16,19:35:00,161.12,161.12,160.84,161.03,447617,0
2017-08-16,19:40:00,161.03,161.07,160.9,161.02,229887,0
2017-08-16,19:45:00,161.02,161.04,160.75,160.8847,261631,0
2017-08-16,19:50:00,160.89,160.97,160.825,160.8951,228175,0
2017-08-16,19:55:00,160.895,160.92,160.69,160.7532,202691,0
2017-08-16,20:00:00,160.75,160.98,160.7,160.86,280177,0
2017-08-16,20:05:00,160.86,161.15,160.56,161.072,540430,0
2017-08-16,20:10:00,161.07,161.34,160.97,161.19,322774,0
2017-08-16,20:15:00,161.1951,161.36,161.13,161.1966,277950,0
2017-08-16,20:20:00,161.1746,161.18,160.67,160.68,225816,0
2017-08-16,20:25:00,160.67,160.77,160.36,160.5,451798,0
2017-08-16,20:30:00,160.5193,160.64,160.39,160.5786,231475,0
2017-08-16,20:35:00,160.58,160.58,160.15,160.33,413183,0
2017-08-16,20:40:00,160.3227,160.62,160.29,160.4818,232133,0
2017-08-16,20:45:00,160.48,160.5701,160.39,160.519,155585,0
2017-08-16,20:50:00,160.52,160.78,160.5039,160.78,233796,0
2017-08-16,20:55:00,160.78,160.8578,160.71,160.8114,208208,0
2017-08-16,21:00:00,160.84,160.89,160.74,160.76,182830,0
2017-08-16,21:05:00,160.7526,161.07,160.7526,160.927,214699,0
2017-08-16,21:10:00,160.92,160.94,160.8,160.82,156992,0
2017-08-16,21:15:00,160.82,160.895,160.64,160.83,194881,0
2017-08-16,21:20:00,160.83,160.8559,160.6892,160.7002,142991,0
2017-08-16,21:25:00,160.71,160.93,160.71,160.838,222654,0
2017-08-16,21:30:00,160.84,160.909,160.77,160.82,154074,0
2017-08-16,21:35:00,160.81,160.93,160.74,160.81,173787,0
2017-08-16,21:40:00,160.83,160.9,160.78,160.89,187818,0
2017-08-16,21:45:00,160.89,161.02,160.84,160.94,262348,0
2017-08-16,21:50:00,160.94,160.94,160.58,160.66,383626,0
2017-08-16,21:55:00,160.66,160.92,160.65,160.83,454350,0
2017-08-16,22:00:00,160.835,160.98,160.69,160.95,1929684,0
2017-08-17,15:35:00,160.52,160.71,160.18,160.3569,809866,0
2017-08-17,15:40:00,160.37,160.37,159.64,160.0599,889685,0
2017-08-17,15:45:00,160.03,160.36,160.02,160.33,316323,0
2017-08-17,15:50:00,160.34,160.57,160.31,160.34,307421,0
2017-08-17,15:55:00,160.3478,160.39,160.01,160.015,279044,0
2017-08-17,16:00:00,160.03,160.18,159.81,159.8401,372312,0
2017-08-17,16:05:00,159.84,159.84,159.4,159.58,630508,0
2017-08-17,16:10:00,159.58,159.88,159.42,159.46,349714,0
2017-08-17,16:15:00,159.46,159.537,159.04,159.06,655927,0
2017-08-17,16:20:00,159.065,159.08,158.4017,158.97,782280,0
2017-08-17,16:25:00,158.98,159.2,158.7,159.14,442525,0
2017-08-17,16:30:00,159.1436,159.15,158.85,158.97,363669,0
2017-08-17,16:35:00,158.99,159.45,158.86,159.41,525981,0
2017-08-17,16:40:00,159.429,159.46,159.06,159.23,340662,0
2017-08-17,16:45:00,159.22,159.27,158.92,159.01,268652,0
2017-08-17,16:50:00,159.03,159.33,159.0132,159.2614,204886,0
2017-08-17,16:55:00,159.2675,159.2675,158.93,159.2,230859,0
2017-08-17,17:00:00,159.2175,159.351,159,159.06,278950,0
2017-08-17,17:05:00,159.08,159.38,159.07,159.2275,221781,0
2017-08-17,17:10:00,159.24,159.6,159.19,159.59,309597,0
2017-08-17,17:15:00,159.6,159.6103,159.4,159.5,322854,0
2017-08-17,17:20:00,159.4999,159.593,159.42,159.54,179091,0
2017-08-17,17:25:00,159.54,159.715,159.47,159.55,347212,0
2017-08-17,17:30:00,159.55,159.71,159.36,159.38,174976,0
2017-08-17,17:35:00,159.37,159.53,159.3,159.36,149735,0
2017-08-17,17:40:00,159.36,159.4,159.25,159.33,174243,0
2017-08-17,17:45:00,159.34,159.39,159.16,159.27,166434,0
2017-08-17,17:50:00,159.27,159.29,158.98,159.0387,276217,0
2017-08-17,17:55:00,159.0372,159.24,159.0263,159.1944,140567,0
2017-08-17,18:00:00,159.2,159.33,159.17,159.28,148401,0
2017-08-17,18:05:00,159.28,159.44,159.24,159.3969,121772,0
2017-08-17,18:10:00,159.4,159.5128,159.2,159.2,184606,0
2017-08-17,18:15:00,159.19,159.2199,158.82,159.0226,292523,0
2017-08-17,18:20:00,159.01,159.01,158.68,158.76,291589,0
2017-08-17,18:25:00,158.75,159,158.63,158.9564,266336,0
2017-08-17,18:30:00,158.96,159.12,158.82,159.1001,231563,0
2017-08-17,18:35:00,159.1,159.14,158.86,159.0355,157596,0
2017-08-17,18:40:00,159.03,159.19,158.86,159.14,176066,0
2017-08-17,18:45:00,159.13,159.13,158.85,158.87,133598,0
2017-08-17,18:50:00,158.8724,159,158.83,158.96,138399,0
2017-08-17,18:55:00,158.97,158.97,158.65,158.7001,242472,0
2017-08-17,19:00:00,158.7149,158.8,158.54,158.7,264026,0
2017-08-17,19:05:00,158.69,158.77,158.54,158.6,241622,0
2017-08-17,19:10:00,158.61,158.9,158.61,158.79,190432,0
2017-08-17,19:15:00,158.7893,158.84,158.47,158.47,277473,0
2017-08-17,19:20:00,158.47,158.96,158.44,158.8948,221967,0
2017-08-17,19:25:00,158.9,158.91,158.69,158.78,141996,0
2017-08-17,19:30:00,158.76,158.93,158.71,158.87,149276,0
2017-08-17,19:35:00,158.88,159.09,158.73,158.9763,187122,0
2017-08-17,19:40:00,158.96,159.17,158.91,159.08,203344,0
2017-08-17,19:45:00,159.08,159.19,158.95,159.01,141356,0
2017-08-17,19:50:00,159.01,159.04,158.8,158.8862,148722,0
2017-08-17,19:55:00,158.88,159.03,158.77,159.02,182680,0
2017-08-17,20:00:00,159.01,159.11,158.9,159.08,157784,0
2017-08-17,20:05:00,159.09,159.12,158.89,158.94,137741,0
2017-08-17,20:10:00,158.95,159.1273,158.9,159.1102,131332,0
2017-08-17,20:15:00,159.12,159.1764,158.98,159.03,136953,0
2017-08-17,20:20:00,159.03,159.03,158.56,158.66,270806,0
2017-08-17,20:25:00,158.66,158.73,158.48,158.7,292409,0
2017-08-17,20:30:00,158.72,158.89,158.7,158.84,166514,0
2017-08-17,20:35:00,158.84,158.998,158.69,158.883,147789,0
2017-08-17,20:40:00,158.89,159.01,158.79,158.88,149325,0
2017-08-17,20:45:00,158.87,158.9664,158.65,158.65,225076,0
2017-08-17,20:50:00,158.65,158.83,158.61,158.81,187380,0
2017-08-17,20:55:00,158.826,158.89,158.56,158.77,179509,0
2017-08-17,21:00:00,158.7595,158.86,158.67,158.76,144280,0
2017-08-17,21:05:00,158.7515,158.78,158.37,158.45,324848,0
2017-08-17,21:10:00,158.4532,158.54,158.18,158.37,329645,0
2017-08-17,21:15:00,158.37,158.3928,158.11,158.1399,279625,0
2017-08-17,21:20:00,158.13,158.14,157.91,158.06,602156,0
2017-08-17,21:25:00,158.0502,158.225,157.96,158.06,362277,0
2017-08-17,21:30:00,158.0601,158.285,158.04,158.12,220756,0
2017-08-17,21:35:00,158.11,158.55,157.97,158.4356,414468,0
2017-08-17,21:40:00,158.44,158.4499,158.09,158.16,284194,0
2017-08-17,21:45:00,158.16,158.36,158.03,158.15,398231,0
2017-08-17,21:50:00,158.15,158.25,157.98,158.0427,423885,0
2017-08-17,21:55:00,158.03,158.1537,157.9,158.1359,564367,0
2017-08-17,22:00:00,158.13,158.13,157.84,157.87,1011823,0
2017-08-18,15:35:00,157.86,158.68,157.78,158.2573,2453052,0
2017-08-18,15:40:00,158.27,158.59,157.99,158.0899,488427,0
2017-08-18,15:45:00,158.08,158.272,157.87,157.88,513974,0
2017-08-18,15:50:00,157.89,158.2,157.85,158.1399,458288,0
2017-08-18,15:55:00,158.15,158.19,157.33,157.4049,579472,0
2017-08-18,16:00:00,157.429,157.66,156.72,156.91,578710,0
2017-08-18,16:05:00,156.91,157.39,156.8,157.37,667539,0
2017-08-18,16:10:00,157.37,157.92,157.33,157.76,488317,0
2017-08-18,16:15:00,157.77,157.98,157.61,157.95,321479,0
2017-08-18,16:20:00,157.9351,158.2,157.8899,157.9401,416270,0
2017-08-18,16:25:00,157.93,158.2946,157.93,158.2202,354533,0
2017-08-18,16:30:00,158.23,158.295,157.93,157.97,266451,0
2017-08-18,16:35:00,157.97,157.97,157.52,157.7569,355825,0
2017-08-18,16:40:00,157.74,158.13,157.7169,158.12,277796,0
2017-08-18,16:45:00,158.13,158.42,158.07,158.28,328335,0
2017-08-18,16:50:00,158.2789,158.29,157.81,157.88,234322,0
2017-08-18,16:55:00,157.9,158.09,157.8,158.03,213158,0
2017-08-18,17:00:00,158.03,158.25,158.025,158.16,200916,0
2017-08-18,17:05:00,158.16,158.289,157.89,158.01,262524,0
2017-08-18,17:10:00,158.0148,158.0148,157.63,157.84,391090,0
2017-08-18,17:15:00,157.8499,157.97,157.68,157.97,229691,0
2017-08-18,17:20:00,157.97,158.43,157.9484,158.3981,387603,0
2017-08-18,17:25:00,158.37,158.46,158.22,158.36,277201,0
2017-08-18,17:30:00,158.38,158.8,158.35,158.7339,320982,0
2017-08-18,17:35:00,158.72,158.92,158.56,158.8226,315242,0
2017-08-18,17:40:00,158.81,158.86,158.63,158.82,345116,0
2017-08-18,17:45:00,158.82,158.94,158.7,158.83,297161,0
2017-08-18,17:50:00,158.83,159.04,158.76,159.01,327514,0
2017-08-18,17:55:00,159.0099,159.5,158.99,159.3811,570899,0
2017-08-18,18:00:00,159.37,159.41,159.15,159.2112,260989,0
2017-08-18,18:05:00,159.205,159.2344,158.9236,158.94,238985,0
2017-08-18,18:10:00,158.95,159.13,158.86,159.1,205139,0
2017-08-18,18:15:00,159.09,159.2056,158.91,158.98,190954,0
2017-08-18,18:20:00,158.98,159.06,158.83,158.89,148541,0
2017-08-18,18:25:00,158.89,158.91,158.74,158.8738,201038,0
2017-08-18,18:30:00,158.88,159.1,158.8547,159.072,131639,0
2017-08-18,18:35:00,159.0885,159.17,158.93,159.15,180489,0
2017-08-18,18:40:00,159.1556,159.16,158.93,159.12,152798,0
2017-08-18,18:45:00,159.125,159.42,159.07,159.16,311210,0
2017-08-18,18:50:00,159.16,159.35,159.04,159.33,218982,0
2017-08-18,18:55:00,159.32,159.42,159.24,159.4,216914,0
2017-08-18,19:00:00,159.37,159.41,159.14,159.15,152074,0
2017-08-18,19:05:00,159.16,159.2616,158.99,159.0294,191512,0
2017-08-18,19:10:00,159.03,159.17,159,159.01,143224,0
2017-08-18,19:15:00,159.01,159.17,158.94,158.98,150777,0
2017-08-18,19:20:00,158.99,159.13,158.84,158.92,174599,0
2017-08-18,19:25:00,158.92,158.99,158.87,158.915,122733,0
2017-08-18,19:30:00,158.9149,159.15,158.91,159.06,151259,0
2017-08-18,19:35:00,159.05,159.22,158.98,159.07,186858,0
2017-08-18,19:40:00,159.0796,159.0796,158.74,158.77,169056,0
2017-08-18,19:45:00,158.7749,158.8,158.49,158.57,279799,0
2017-08-18,19:50:00,158.55,158.72,158.5175,158.63,153349,0
2017-08-18,19:55:00,158.63,158.6647,158.46,158.51,121527,0
2017-08-18,20:00:00,158.52,158.571,158.19,158.2,190951,0
2017-08-18,20:05:00,158.19,158.4264,158.17,158.4,171872,0
2017-08-18,20:10:00,158.41,158.53,158.23,158.33,185708,0
2017-08-18,20:15:00,158.33,158.51,158.33,158.4,93968,0
2017-08-18,20:20:00,158.4,158.49,158.29,158.32,110391,0
2017-08-18,20:25:00,158.32,158.37,158.19,158.34,91391,0
2017-08-18,20:30:00,158.35,158.62,158.33,158.44,150435,0
2017-08-18,20:35:00,158.46,158.56,158.34,158.36,139835,0
2017-08-18,20:40:00,158.37,158.5154,158.37,158.39,72295,0
2017-08-18,20:45:00,158.39,158.3942,158.2201,158.26,92483,0
2017-08-18,20:50:00,158.27,158.3598,158.259,158.34,110956,0
2017-08-18,20:55:00,158.34,158.35,158.06,158.0962,133738,0
2017-08-18,21:00:00,158.09,158.12,158.01,158.075,140761,0
2017-08-18,21:05:00,158.09,158.2286,158.03,158.18,170020,0
2017-08-18,21:10:00,158.17,158.33,158.11,158.25,161180,0
2017-08-18,21:15:00,158.24,158.25,158.02,158.07,184165,0
2017-08-18,21:20:00,158.08,158.18,157.92,157.95,210365,0
2017-08-18,21:25:00,157.95,158.06,157.78,157.88,268231,0
2017-08-18,21:30:00,157.88,158.01,157.84,157.94,170763,0
2017-08-18,21:35:00,157.93,157.96,157.79,157.84,215899,0
2017-08-18,21:40:00,157.83,158.05,157.8,157.94,321661,0
2017-08-18,21:45:00,157.95,158.1,157.9301,158.04,272771,0
2017-08-18,21:50:00,158.03,158.19,158.01,158.02,311729,0
2017-08-18,21:55:00,158.0299,158.0299,157.56,157.67,606690,0
2017-08-18,22:00:00,157.66,157.68,157.42,157.5,2073425,0
