coke, 2
date,close,volume,open,high,low
2017/08/18,204.6700,29361.0000,206.2200,208.1100,201.5400
2017/08/17,208.2200,36975.0000,213.3400,215.7684,206.1600
2017/08/16,213.3600,27889.0000,212.2000,213.6196,212.2000
2017/08/15,212.2000,28797.0000,211.4900,212.5400,208.5500
2017/08/14,210.5400,36729.0000,210.7900,211.7309,209.0101
2017/08/11,208.8100,31797.0000,211.0800,212.7226,208.8000
2017/08/10,210.9700,62459.0000,208.0100,212.1388,208.0100
2017/08/09,206.8350,148345.0000,241.9400,241.9400,200.1000
2017/08/08,242.4500,28842.0000,242.1800,244.8000,240.3000
2017/08/07,242.5200,15705.0000,239.1000,242.9650,239.1000
2017/08/04,238.8000,13284.0000,239.9200,240.1300,237.0001
2017/08/03,238.4000,17245.0000,241.6046,241.6046,237.5000
2017/08/02,238.5000,21485.0000,240.0500,240.9700,236.3700
2017/08/01,240.0800,22477.0000,241.9200,242.3300,239.8200
2017/07/31,240.0900,23780.0000,241.5700,244.5376,239.1900
2017/07/28,240.5400,21181.0000,243.6100,245.5000,239.5600
2017/07/27,244.0400,36518.0000,242.5300,249.5400,242.5300
2017/07/26,241.8700,22339.0000,239.3900,242.1900,238.6701
2017/07/25,238.0900,15486.0000,239.4800,239.7000,237.0000
2017/07/24,238.3300,33760.0000,241.8600,241.8600,237.5000
2017/07/21,240.8600,29687.0000,243.2200,244.6717,239.8500
2017/07/20,241.8000,36319.0000,238.0300,242.7300,236.4200
2017/07/19,236.4000,37567.0000,234.1500,238.8300,234.1500
2017/07/18,234.1500,40966.0000,236.6500,238.9500,234.1200
2017/07/17,236.8200,51282.0000,235.0000,239.5000,232.5200
2017/07/14,235.5500,34023.0000,229.4800,236.0000,229.4800
2017/07/13,229.8400,28917.0000,232.2100,232.2100,225.7600
2017/07/12,232.3100,32785.0000,228.6800,232.3100,228.5000
2017/07/11,227.4900,43828.0000,225.9600,229.7700,225.9600
2017/07/10,226.5600,49132.0000,228.9700,229.4800,225.2200
2017/07/07,226.9600,23892.0000,225.5500,229.6972,225.1157
2017/07/06,224.5400,25146.0000,222.7800,226.1400,220.8100
2017/07/05,224.8800,29442.0000,224.2600,225.3300,221.4500
2017/07/03,224.2600,12488.0000,229.0800,229.9600,223.5100
2017/06/30,228.8700,19191.0000,232.0100,234.5400,228.4400
2017/06/29,230.7500,18305.0000,233.5200,234.2100,229.8800
2017/06/28,233.1100,26067.0000,228.0700,234.9300,228.0700
2017/06/27,227.3700,31058.0000,232.7300,232.8600,227.3700
2017/06/26,233.8200,39583.0000,235.7900,237.5800,232.6100
2017/06/23,235.6600,33482.0000,233.1300,235.7300,231.6400
2017/06/22,233.0500,19801.0000,234.8300,235.0900,233.0400
2017/06/21,234.7900,19189.0000,234.9500,236.5000,232.6070
2017/06/20,235.3800,31794.0000,235.6700,235.7600,232.8500
2017/06/19,235.8900,22184.0000,234.7000,237.8477,234.7000
2017/06/16,234.1600,59803.0000,237.1600,237.2600,231.2800
2017/06/15,238.8700,37747.0000,233.9800,240.4500,231.5100
2017/06/14,236.2200,25917.0000,232.0000,236.5200,231.7400
2017/06/13,231.6900,40011.0000,229.5700,231.6900,227.9400
2017/06/12,228.6400,26697.0000,226.5200,229.8948,224.0000
2017/06/09,227.0600,28636.0000,229.1100,232.3800,225.0000
2017/06/08,228.8500,30774.0000,230.2200,231.1000,226.0300
2017/06/07,230.1100,30119.0000,226.6600,230.4200,225.2500
2017/06/06,226.4100,44004.0000,225.9900,229.5600,224.0250
2017/06/05,225.9100,52995.0000,232.9400,232.9400,225.9100
2017/06/02,231.7500,47680.0000,232.7800,235.7800,231.2200
2017/06/01,231.2100,57504.0000,228.4800,231.4600,225.2800
2017/05/31,227.7400,84155.0000,228.2000,228.2000,225.1400
2017/05/30,227.4100,67560.0000,226.0200,228.5000,223.5500
2017/05/26,225.6700,46405.0000,224.4000,228.7000,222.2045
2017/05/25,223.0600,71286.0000,226.5500,229.8400,219.5400
2017/05/24,225.2500,104379.0000,215.8500,227.2300,215.6500
2017/05/23,215.1100,42907.0000,215.8100,217.7000,213.0000
2017/05/22,214.4200,66124.0000,205.4700,216.0500,205.4600
2017/05/19,204.4200,45768.0000,201.8900,205.5000,200.9150
2017/05/18,201.5600,70525.0000,200.1700,203.5100,199.6400
2017/05/17,199.8200,68348.0000,198.2200,201.6350,197.5300
2017/05/16,200.1100,64407.0000,199.9900,202.0000,199.1400
2017/05/15,199.3000,53598.0000,199.8500,202.4450,199.1000
2017/05/12,199.9300,39850.0000,204.5400,204.5400,198.1055
2017/05/11,203.6700,51152.0000,205.0900,206.5000,202.7400
2017/05/10,204.5700,91297.0000,202.0100,209.0000,195.9500
2017/05/09,203.1500,45968.0000,204.7300,205.6800,202.0500
2017/05/08,205.0000,37826.0000,205.7400,206.3400,203.3567
2017/05/05,205.7400,31386.0000,205.3800,206.3800,203.3300
2017/05/04,205.1500,41191.0000,204.7000,205.8750,203.2500
2017/05/03,204.1900,51680.0000,206.7000,210.7650,203.5000
2017/05/02,207.0000,60380.0000,210.6100,213.6500,206.9000
2017/05/01,209.6500,38727.0000,213.3600,214.5441,208.1772
2017/04/28,211.8600,30760.0000,210.1100,213.3900,207.4940
2017/04/27,209.9200,37444.0000,208.6200,211.2100,208.4600
2017/04/26,208.3500,33990.0000,206.1100,210.1809,205.7300
2017/04/25,207.2900,77904.0000,210.6800,214.7100,205.7500
2017/04/24,209.1000,31422.0000,206.0200,210.8900,206.0200
2017/04/21,204.9000,34205.0000,209.3000,209.5550,203.4200
2017/04/20,209.8200,37287.0000,208.8200,210.2500,207.5000
2017/04/19,208.2300,18676.0000,208.5100,209.3399,207.1686
2017/04/18,207.3900,27804.0000,207.4000,209.9200,205.0100
2017/04/17,207.4500,19604.0000,203.2900,207.5600,203.0000
2017/04/13,202.1800,23848.0000,201.7700,204.7800,201.6300
2017/04/12,202.5100,19888.0000,203.7700,204.0100,200.9100
2017/04/11,203.9100,23049.0000,204.5900,204.5900,202.7300
2017/04/10,204.3400,35401.0000,199.4600,205.6999,199.4600
2017/04/07,199.2100,51787.0000,198.4600,200.3600,198.4200
2017/04/06,198.6700,25656.0000,199.8000,199.8000,198.1000
2017/04/05,199.6700,32741.0000,202.4500,202.4500,199.6500
2017/04/04,202.0200,40316.0000,199.3200,202.6500,199.3200
2017/04/03,199.3100,48044.0000,206.1000,206.1000,199.0800
2017/03/31,206.0200,54281.0000,203.5600,207.4000,203.3400
2017/03/30,203.7500,38339.0000,202.9400,204.2450,201.0000
2017/03/29,202.2600,39781.0000,201.6000,202.9000,200.3150
2017/03/28,202.0000,48828.0000,199.2100,202.4300,198.0500
2017/03/27,199.3800,45037.0000,196.2000,200.7532,196.0000
2017/03/24,197.2800,32857.0000,198.7900,198.9000,197.1400
2017/03/23,198.5200,71824.0000,195.0500,200.5800,195.0500
2017/03/22,195.8300,64470.0000,193.6900,196.7000,193.6900
2017/03/21,195.0000,84132.0000,195.6200,198.0000,194.5000
2017/03/20,195.2300,45100.0000,194.2700,195.6999,192.6371
2017/03/17,194.0300,120598.0000,192.0800,195.7400,192.0800
2017/03/16,192.3800,104846.0000,188.7600,193.7800,188.7600
2017/03/15,189.0400,929449.0000,185.6200,191.6000,183.1900
2017/03/14,186.5000,256007.0000,179.4900,188.3900,178.5000
2017/03/13,171.2200,23464.0000,170.9300,173.3185,170.9300
2017/03/10,171.7400,21910.0000,174.2300,176.8453,171.3200
2017/03/09,173.0000,40767.0000,172.1000,179.5700,172.0000
2017/03/08,174.3500,28330.0000,174.5600,175.9900,172.1900
2017/03/07,174.5500,15968.0000,172.9800,175.9600,172.9800
2017/03/06,173.4100,19005.0000,173.8000,175.1500,173.1600
2017/03/03,174.2900,19041.0000,173.9900,174.8200,172.2700
2017/03/02,174.0200,15530.0000,174.4300,174.7500,173.0700
2017/03/01,174.5100,32767.0000,172.6000,175.7900,172.6000
2017/02/28,172.0700,29219.0000,176.6900,176.6900,171.5000
2017/02/27,176.4000,30733.0000,177.7400,178.2840,175.0200
2017/02/24,177.3200,16675.0000,179.8000,180.0650,176.4400
2017/02/23,180.8400,18656.0000,180.9200,181.2300,177.3300
2017/02/22,180.5700,19307.0000,180.7300,181.1541,178.8300
2017/02/21,181.0900,33024.0000,177.8500,181.2700,177.8500
2017/02/17,177.0600,19762.0000,175.5300,177.6000,175.5300
2017/02/16,175.0900,11015.0000,174.1000,175.1200,174.1000
2017/02/15,174.4400,18255.0000,174.4000,175.0500,174.0700
2017/02/14,174.2800,13914.0000,176.4000,176.4100,174.2000
2017/02/13,176.5000,22154.0000,176.5000,176.9150,174.3200
2017/02/10,177.0000,10021.0000,177.3000,177.4300,174.8300
2017/02/09,176.4000,31024.0000,173.8900,178.4800,172.8600
2017/02/08,172.9900,18512.0000,183.9800,183.9800,171.7600
2017/02/07,172.3400,26183.0000,171.4100,173.4800,170.7750
2017/02/06,171.2900,15326.0000,170.9500,171.9900,170.6250
2017/02/03,171.1600,18021.0000,169.5000,171.5653,169.5000
2017/02/02,169.3200,14635.0000,168.8000,169.8000,168.6800
2017/02/01,168.2200,27405.0000,169.7900,169.8200,167.5400
2017/01/31,168.8400,26056.0000,164.0900,169.3300,162.3050
2017/01/30,164.5000,16760.0000,165.1000,165.3744,162.9800
2017/01/27,165.9100,14373.0000,166.2600,166.9600,165.2800
2017/01/26,166.4900,20938.0000,168.5300,168.9843,165.8900
2017/01/25,169.3500,32145.0000,169.6000,170.2650,168.8000
2017/01/24,169.6000,23729.0000,167.3000,170.0000,167.3000
2017/01/23,167.6900,16666.0000,166.2700,169.1300,166.2100
2017/01/20,166.6400,14853.0000,166.7000,168.0550,166.0100
2017/01/19,166.4100,13986.0000,167.1700,167.9900,166.2800
2017/01/18,168.0000,18256.0000,167.0400,168.2500,165.6000
2017/01/17,166.7100,23225.0000,169.1600,169.9900,166.0500
2017/01/13,170.1000,24570.0000,168.7000,170.1400,167.8000
2017/01/12,169.3000,17057.0000,170.5200,170.5200,168.3700
2017/01/11,170.9200,20980.0000,171.0000,171.0800,169.7700
2017/01/10,171.7300,27305.0000,172.3900,173.0100,170.1500
2017/01/09,173.1700,35326.0000,177.0000,177.0000,172.3000
2017/01/06,177.2100,21781.0000,178.8800,179.6000,176.0100
2017/01/05,179.3000,20840.0000,180.0100,180.9999,178.0100
2017/01/04,179.9600,17909.0000,179.8900,181.0000,176.0700
2017/01/03,179.7000,31525.0000,178.7200,180.7400,174.6000
2016/12/30,178.8500,30430.0000,178.2700,179.9000,177.2000
2016/12/29,179.0500,25733.0000,177.8000,180.7000,177.8000
2016/12/28,178.7000,24004.0000,179.2300,180.0600,177.6300
2016/12/27,179.0800,47313.0000,178.3100,182.2600,178.0100
2016/12/23,177.5600,18639.0000,174.0000,178.0500,174.0000
2016/12/22,174.6700,25495.0000,176.2700,176.2700,172.6600
2016/12/21,177.2100,33823.0000,178.1200,179.4100,176.0600
2016/12/20,178.5200,43656.0000,173.0100,179.3500,173.0100
2016/12/19,173.6000,27162.0000,174.4800,175.5700,173.5200
2016/12/16,174.0600,42783.0000,172.8700,174.7400,171.1700
2016/12/15,171.6600,33542.0000,167.9800,172.4100,167.1000
2016/12/14,167.7200,39876.0000,166.7800,168.4300,165.5201
2016/12/13,167.1600,32946.0000,167.2000,168.2400,166.0101
2016/12/12,167.3300,29856.0000,166.9700,167.3800,165.2200
2016/12/09,167.1500,68016.0000,162.4800,167.5400,161.5900
2016/12/08,161.9100,31117.0000,161.7800,162.8500,160.4000
2016/12/07,162.0300,51247.0000,159.5800,162.0600,159.5800
2016/12/06,159.7200,23983.0000,160.4800,161.3500,159.2700
2016/12/05,160.0200,28422.0000,157.7800,160.7500,157.7800
2016/12/02,157.6200,19529.0000,159.1400,162.3200,157.2100
2016/12/01,159.0100,32735.0000,161.5300,165.9000,157.8600
2016/11/30,161.7800,39190.0000,165.8100,166.4575,161.3900
2016/11/29,165.0600,56330.0000,166.8600,167.3013,163.3000
2016/11/28,166.1500,31203.0000,166.1200,167.4400,165.2700
2016/11/25,165.8600,13776.0000,165.0200,166.8700,163.6440
2016/11/23,164.7300,27369.0000,165.4700,168.5510,164.0454
2016/11/22,165.0200,74965.0000,165.1400,168.9400,164.5900
2016/11/21,164.9000,23857.0000,164.8400,165.7600,164.5300
2016/11/18,165.4400,29717.0000,164.3700,166.1200,164.2500
2016/11/17,164.9700,27071.0000,164.6400,165.0500,162.9710
2016/11/16,165.3200,27495.0000,164.9600,165.8700,164.2100
2016/11/15,164.6000,44436.0000,165.2200,166.3300,162.8733
2016/11/14,164.9800,68300.0000,167.5000,168.1012,162.6900
2016/11/11,167.4800,83619.0000,158.2000,169.5800,158.2000
2016/11/10,160.4900,68959.0000,155.8400,160.8700,153.9400
2016/11/09,157.8100,254276.0000,128.0000,157.9700,125.0010
2016/11/08,141.2700,34308.0000,139.1000,143.5304,139.1000
2016/11/07,140.3700,57482.0000,140.5600,141.4900,139.7700
2016/11/04,140.5600,35511.0000,141.7400,142.5000,140.0900
2016/11/03,141.3800,34320.0000,142.0100,142.2000,141.0000
2016/11/02,142.7200,43964.0000,140.9400,143.1100,140.1410
2016/11/01,141.4100,35561.0000,141.9100,142.9200,140.6400
2016/10/31,141.3000,62655.0000,145.0900,145.0900,141.2500
2016/10/28,145.0900,86879.0000,141.5200,145.4200,141.5200
2016/10/27,141.5600,103943.0000,144.8400,145.0400,140.7109
2016/10/26,144.4700,46818.0000,145.7900,146.9750,144.0800
2016/10/25,145.3400,27237.0000,144.9400,145.9100,144.2820
2016/10/24,144.5600,25877.0000,144.5490,144.6300,143.1800
2016/10/21,143.1600,29303.0000,143.2400,143.3400,141.7400
2016/10/20,142.8900,35834.0000,143.2800,144.7900,142.6500
2016/10/19,143.9800,43758.0000,141.8900,144.4300,141.1100
2016/10/18,142.4000,35567.0000,142.0000,143.6600,140.0001
2016/10/17,141.2300,26788.0000,140.1000,142.2400,140.0000
2016/10/14,140.3500,31579.0000,142.2000,142.2000,139.9600
2016/10/13,141.8700,56518.0000,142.0700,142.8200,140.8900
2016/10/12,141.7900,92487.0000,139.3900,142.7900,137.2200
2016/10/11,140.3000,59648.0000,141.7600,142.8000,138.6000
2016/10/10,141.5800,85890.0000,141.3500,143.6850,140.7350
2016/10/07,141.4700,99537.0000,142.4600,143.3000,140.7855
2016/10/06,142.5000,94226.0000,141.5300,143.4100,140.5100
2016/10/05,141.4400,284030.0000,144.2900,144.6400,140.0700
2016/10/04,143.4900,59683.0000,145.6000,146.4000,142.5300
2016/10/03,145.1200,72715.0000,147.5200,147.5850,144.3300
2016/09/30,148.1600,115949.0000,143.2000,149.2550,142.6900
2016/09/29,143.4100,40293.0000,146.6500,147.0046,143.3350
2016/09/28,146.1300,59043.0000,147.8800,149.5450,145.0400
2016/09/27,148.1900,86960.0000,144.0000,148.3700,144.0000
2016/09/26,144.5000,60187.0000,148.1800,148.1800,144.3000
2016/09/23,148.5200,35185.0000,151.0100,151.0100,148.4600
2016/09/22,150.5300,92357.0000,145.9100,151.6050,145.9100
2016/09/21,145.9500,57008.0000,146.0000,147.2999,145.1100
2016/09/20,145.7300,66670.0000,145.5900,146.7000,144.6600
2016/09/19,144.6400,42633.0000,143.5000,146.0000,143.5000
2016/09/16,143.8500,74762.0000,146.5200,146.5200,143.0310
2016/09/15,146.4000,37972.0000,146.1700,146.9100,145.6300
2016/09/14,146.1800,30687.0000,147.7500,148.8899,146.1200
2016/09/13,147.1500,60106.0000,149.0000,150.0237,146.4650
2016/09/12,149.8000,132587.0000,149.3500,151.2300,148.7600
2016/09/09,149.2100,101763.0000,150.8800,151.9000,149.0800
2016/09/08,151.6300,88991.0000,153.8800,155.2850,151.3800
2016/09/07,154.6200,107484.0000,153.9400,156.8600,152.9600
2016/09/06,153.7200,40892.0000,154.5900,154.8100,152.1830
2016/09/02,153.8300,83296.0000,152.7000,154.2900,151.8700
2016/09/01,152.6500,52143.0000,149.9000,152.6500,149.9000
2016/08/31,150.3000,52635.0000,151.0900,151.0900,149.8350
2016/08/30,150.5200,53283.0000,150.6200,151.7000,149.5500
2016/08/29,150.2600,53571.0000,150.4700,152.7413,150.0000
2016/08/26,151.3400,64962.0000,152.2400,153.6827,149.9600
2016/08/25,152.5600,48504.0000,151.0000,153.7699,151.0000
2016/08/24,151.7100,42485.0000,153.3600,153.9710,151.0300
2016/08/23,153.0200,76649.0000,149.7200,154.7900,149.5900
2016/08/22,150.0400,64548.0000,150.8600,151.8369,149.3000
2016/08/19,151.2600,30778.0000,152.4500,155.5050,150.7000
2016/08/18,152.7600,72730.0000,152.3100,154.3899,151.3900
2016/08/17,151.7000,61799.0000,152.7700,152.9090,150.0100
2016/08/16,153.9600,54352.0000,157.1100,158.2200,153.6200
2016/08/15,158.0000,68320.0000,158.1300,161.4400,156.6500
2016/08/12,156.5000,84629.0000,151.8000,158.4600,151.8000
2016/08/11,152.2500,108498.0000,153.1100,154.2000,151.6800
2016/08/10,153.5000,205985.0000,142.2100,160.8000,141.5600
2016/08/09,141.5300,48013.0000,141.8200,143.3700,141.0700
2016/08/08,141.5600,29114.0000,142.2200,142.4450,140.5100
2016/08/05,142.3500,44028.0000,142.9400,144.0450,141.9000
2016/08/04,142.2700,36005.0000,143.2300,144.0000,141.2980
2016/08/03,142.4200,56930.0000,142.5000,143.9300,140.4600
2016/08/02,142.6000,109034.0000,145.1100,146.2290,142.0700
2016/08/01,144.5100,85272.0000,141.8200,145.2300,140.7300
2016/07/29,142.4100,205977.0000,144.3500,145.8200,140.1000
2016/07/28,143.9400,88648.0000,141.7300,144.2000,141.3200
2016/07/27,141.7300,181083.0000,147.0000,147.5800,140.1000
2016/07/26,147.6200,50666.0000,148.6700,149.2337,147.0300
2016/07/25,148.4300,37293.0000,150.1100,151.5790,147.3849
2016/07/22,149.3000,57920.0000,146.9900,151.2799,146.9400
2016/07/21,147.0600,71227.0000,147.8700,148.6500,145.5000
2016/07/20,148.6100,156992.0000,146.5800,152.2600,145.1000
2016/07/19,146.3700,92293.0000,143.8600,147.9100,143.5400
2016/07/18,144.6900,128518.0000,144.0900,144.9900,141.5300
2016/07/15,144.1100,162359.0000,146.3800,147.2700,142.8250
2016/07/14,146.3800,136574.0000,147.4200,148.7500,145.1600
2016/07/13,146.9000,72821.0000,145.8400,148.2938,144.8000
2016/07/12,146.4500,96889.0000,145.9300,148.1200,144.1033
2016/07/11,145.9300,54290.0000,144.6500,147.6499,144.6200
2016/07/08,145.3100,68626.0000,144.4500,147.1200,144.3101
2016/07/07,144.2900,41919.0000,144.4700,145.4312,143.3000
2016/07/06,144.7600,100811.0000,145.4400,145.9100,138.8090
2016/07/05,145.4400,79547.0000,144.8800,146.8300,142.7228
2016/07/01,144.8200,75641.0000,146.9500,146.9500,144.2600
2016/06/30,147.4700,123226.0000,143.3300,147.5200,143.1230
2016/06/29,142.5200,97208.0000,141.2900,143.3700,139.0600
2016/06/28,140.0300,106181.0000,142.2300,142.5600,139.3700
2016/06/27,141.0900,123994.0000,139.1900,143.3000,138.0200
2016/06/24,140.5900,129672.0000,135.1400,141.3600,133.2000
2016/06/23,140.1200,58462.0000,140.8200,141.4600,139.4400
2016/06/22,140.2500,67111.0000,140.8800,140.8800,139.0000
2016/06/21,141.1000,64759.0000,143.1200,143.1200,139.7600
2016/06/20,142.4100,105262.0000,141.7900,143.2700,139.1501
2016/06/17,140.5300,201305.0000,140.0700,141.5100,139.1301
2016/06/16,140.5300,238670.0000,131.3800,140.7200,130.0000
2016/06/15,132.3500,180998.0000,128.6600,133.9600,127.3300
2016/06/14,127.2800,142762.0000,124.4900,128.9600,123.0120
2016/06/13,124.2500,122662.0000,122.3000,125.9400,120.5013
2016/06/10,121.9100,70645.0000,121.2100,122.1200,119.8000
2016/06/09,121.7800,95317.0000,124.2400,124.7404,121.2500
2016/06/08,124.2800,100334.0000,123.6600,124.9500,123.0400
2016/06/07,123.8300,134917.0000,126.4700,126.7550,123.3600
2016/06/06,125.9600,118315.0000,124.1000,127.6600,123.9900
2016/06/03,124.2700,59959.0000,124.5400,125.7800,123.4600
2016/06/02,124.5600,84661.0000,125.6700,125.6950,123.5150
2016/06/01,124.9200,269696.0000,123.2800,126.2500,123.0100
2016/05/31,123.5000,163345.0000,128.3200,128.3200,123.5000
2016/05/27,126.9600,137681.0000,122.7600,127.6700,122.5000
2016/05/26,123.1900,83999.0000,125.8900,125.8900,122.8790
2016/05/25,125.8200,77015.0000,128.9200,128.9200,125.5300
2016/05/24,128.0500,207744.0000,129.7300,131.0000,126.9100
2016/05/23,128.5500,241809.0000,129.5600,132.5000,128.0500
2016/05/20,128.7000,201884.0000,126.6500,129.2600,123.8900
2016/05/19,126.6000,306280.0000,134.0800,134.1600,125.7101
2016/05/18,134.0900,269923.0000,133.9800,135.6900,129.0000
2016/05/17,133.2600,359376.0000,138.0700,138.6600,131.5100
2016/05/16,138.7200,416400.0000,148.8600,149.5000,137.5000
2016/05/13,148.7300,48193.0000,148.8600,150.9780,147.5000
2016/05/12,149.2700,119662.0000,148.1100,151.2800,147.2200
2016/05/11,146.1800,318018.0000,165.3100,165.3100,144.5900
2016/05/10,166.9900,32656.0000,165.8100,167.9400,165.1200
2016/05/09,165.6950,59619.0000,166.3200,167.3745,164.5700
2016/05/06,165.7200,26968.0000,165.7900,165.8100,163.6800
2016/05/05,165.5700,33537.0000,163.5700,166.0500,163.0000
2016/05/04,164.0000,53526.0000,161.3000,164.7050,159.9685
2016/05/03,161.5500,65336.0000,163.3400,164.4550,160.5500
2016/05/02,164.3600,61599.0000,159.1000,164.5100,158.5000
2016/04/29,159.3700,31853.0000,159.0200,159.8500,157.5301
2016/04/28,158.2500,93832.0000,159.7800,161.9000,157.5500
2016/04/27,160.4200,84243.0000,161.0000,162.4399,159.6553
2016/04/26,160.9400,106119.0000,161.9500,163.5200,159.6300
2016/04/25,162.3000,51157.0000,158.9400,162.6100,158.2000
2016/04/22,160.9200,101350.0000,159.6600,161.5300,158.0950
2016/04/21,159.5000,201733.0000,163.7700,165.6200,157.7000
2016/04/20,164.4200,96225.0000,166.3200,166.9900,163.7120
2016/04/19,166.6200,77845.0000,163.3900,167.4200,160.9550
2016/04/18,162.4500,72528.0000,160.8100,163.0900,160.1700
2016/04/15,161.5800,37318.0000,162.7700,163.9350,161.2500
2016/04/14,163.1700,81730.0000,164.0000,164.6496,162.0100
2016/04/13,163.7000,70890.0000,163.2300,164.7000,162.1900
2016/04/12,163.6400,52647.0000,162.4500,164.4400,161.2700
2016/04/11,162.9700,68668.0000,164.9100,165.5100,160.1600
2016/04/08,165.9100,76085.0000,163.9300,166.4200,162.2900
2016/04/07,163.4600,59944.0000,163.3000,164.6700,161.6200
2016/04/06,163.1400,84702.0000,161.5900,163.9800,160.6200
2016/04/05,161.0000,26578.0000,162.7900,163.0950,160.6000
2016/04/04,163.7000,64420.0000,163.1200,166.9650,159.1300
2016/04/01,162.6900,118122.0000,158.7600,162.9800,158.0200
2016/03/31,159.7600,29918.0000,163.5000,163.9900,159.2655
2016/03/30,163.7400,69076.0000,164.0100,164.6900,161.0512
2016/03/29,164.6200,99858.0000,156.3100,164.9900,156.2500
2016/03/28,156.3700,33677.0000,160.0000,160.5969,156.2550
2016/03/24,159.2500,27462.0000,162.1600,163.4400,158.0000
2016/03/23,162.2700,50898.0000,165.0000,166.1300,161.3000
2016/03/22,164.4900,41869.0000,166.2400,166.9900,164.4800
2016/03/21,166.8000,62421.0000,170.8100,171.4000,163.5900
2016/03/18,171.1500,72634.0000,174.1200,174.5000,171.0000
2016/03/17,173.4400,28154.0000,173.2800,174.3260,172.0500
2016/03/16,173.9800,31948.0000,168.1900,174.8600,167.3066
2016/03/15,169.1500,41729.0000,173.0400,173.0400,166.1200
2016/03/14,173.0300,33894.0000,176.8500,176.9000,171.7290
2016/03/11,175.8500,31456.0000,179.7500,180.2800,175.0000
2016/03/10,178.1200,27143.0000,184.2000,184.2000,175.1850
2016/03/09,178.1000,30714.0000,178.4000,179.8568,176.6000
2016/03/08,178.0900,36591.0000,177.3600,180.4900,176.0400
2016/03/07,178.1700,78610.0000,176.8600,180.9699,176.2100
2016/03/04,176.8700,45319.0000,177.7700,177.7700,175.2500
2016/03/03,177.6100,107809.0000,172.7200,177.8600,172.1100
2016/03/02,173.3000,91369.0000,178.1600,179.5522,172.0300
2016/03/01,178.2000,93383.0000,176.4700,179.8582,175.6100
2016/02/29,174.7200,77077.0000,173.0200,176.0600,172.0450
2016/02/26,173.6200,57148.0000,176.2400,177.5600,171.9800
2016/02/25,176.6900,70760.0000,174.2000,179.7710,172.5200
2016/02/24,173.2300,52290.0000,169.6900,174.0000,169.6900
2016/02/23,171.1900,127803.0000,168.7100,173.7483,164.1900
2016/02/22,167.9700,130738.0000,178.0000,179.0450,167.6400
2016/02/19,177.0000,46910.0000,169.9800,177.9900,168.7298
2016/02/18,168.7200,44448.0000,169.1900,171.8100,165.4100
2016/02/17,169.1500,59965.0000,165.3000,170.9700,165.0000
2016/02/16,164.7900,61182.0000,163.7400,165.2100,162.2300
2016/02/12,163.2800,35100.0000,162.8500,164.9600,161.9468
2016/02/11,160.2400,27367.0000,158.0400,160.7250,155.5000
2016/02/10,160.0100,19236.0000,166.0800,172.0350,159.6100
2016/02/09,163.9300,45730.0000,155.6500,166.6094,151.3700
2016/02/08,156.2500,62612.0000,154.4600,157.0800,150.2631
2016/02/05,155.5000,69671.0000,161.2000,161.3800,155.0350
2016/02/04,160.2500,35247.0000,163.1700,166.2600,158.8810
2016/02/03,163.1700,39828.0000,163.2700,169.1280,162.5000
2016/02/02,162.6100,52732.0000,169.4300,172.2202,162.4500
2016/02/01,173.6100,29219.0000,174.5000,176.0000,173.6100
2016/01/29,175.9000,44593.0000,178.7800,180.5800,174.1600
2016/01/28,177.3800,47829.0000,171.4000,179.2600,171.0100
2016/01/27,170.7000,58011.0000,171.0100,171.7600,167.7500
2016/01/26,170.3600,25775.0000,169.1900,172.5753,168.9200
2016/01/25,170.5900,27205.0000,169.0300,172.4850,168.2621
2016/01/22,167.8800,50426.0000,172.1600,172.1600,165.0350
2016/01/21,170.6000,39358.0000,173.4000,175.0700,170.1300
2016/01/20,172.5200,56654.0000,170.3000,174.9800,166.0100
2016/01/19,171.1800,62712.0000,165.9700,174.1200,165.4100
2016/01/15,166.0000,69744.0000,165.7300,167.9729,158.8000
2016/01/14,169.4900,61333.0000,167.6500,169.8100,166.0500
2016/01/13,169.1100,43059.0000,173.6800,175.4521,168.3900
2016/01/12,174.4600,42306.0000,173.1100,177.4367,172.6200
2016/01/11,172.5700,58003.0000,178.4200,178.9483,171.5000
2016/01/08,177.9000,48410.0000,176.4100,178.6800,176.1000
2016/01/07,177.4300,37856.0000,176.9400,181.4700,176.0200
2016/01/06,179.9500,42177.0000,175.1800,181.9800,172.0000
2016/01/05,176.7400,32647.0000,177.0200,179.4100,174.3000
2016/01/04,175.0500,73391.0000,180.4000,183.4150,174.6100
2015/12/31,182.5100,77979.0000,181.4500,184.4600,180.5300
2015/12/30,183.4000,38025.0000,180.6200,186.5600,179.7100
2015/12/29,181.9800,38740.0000,182.6100,184.5100,180.3300
2015/12/28,182.6100,35936.0000,179.0400,184.9300,179.0100
2015/12/24,178.6600,42473.0000,182.0900,182.3192,176.8100
2015/12/23,183.9200,27008.0000,184.3700,185.2800,182.1900
2015/12/22,183.9800,14765.0000,182.4500,185.5815,180.4500
2015/12/21,182.6000,36286.0000,183.0100,188.1000,181.0000
2015/12/18,182.8400,128701.0000,187.5700,190.4400,181.9200
2015/12/17,189.0200,28834.0000,195.6000,196.1100,189.0200
2015/12/16,194.7800,32558.0000,193.9700,196.0100,191.7440
2015/12/15,194.2200,24780.0000,192.9500,197.8400,192.3000
2015/12/14,191.6700,43523.0000,182.6700,193.2000,181.1200
2015/12/11,183.7700,33036.0000,188.5500,188.5500,182.6300
2015/12/10,189.9700,24385.0000,193.2600,194.7800,189.6600
2015/12/09,192.9400,26171.0000,194.6600,197.5500,192.7400
2015/12/08,195.1100,30903.0000,195.1300,195.9700,191.1800
2015/12/07,195.4900,34369.0000,192.8500,200.3200,192.5600
2015/12/04,193.1400,22607.0000,192.4300,194.0100,191.2500
2015/12/03,192.0600,35265.0000,193.9000,200.9900,191.7300
2015/12/02,193.4000,22418.0000,193.4900,193.7900,190.7800
2015/12/01,193.6500,99045.0000,193.0000,194.8500,188.0100
2015/11/30,193.6700,39456.0000,198.0000,198.3600,193.2800
2015/11/27,198.6900,15819.0000,193.8200,199.7800,193.2345
2015/11/25,193.1500,42016.0000,188.5500,195.2100,188.2910
2015/11/24,188.1200,40082.0000,192.4300,195.0399,185.6235
2015/11/23,192.8900,47182.0000,186.9300,195.4100,185.1700
2015/11/20,188.6300,78567.0000,173.3000,194.4700,173.2350
2015/11/19,172.9700,57503.0000,174.2500,174.9199,171.5200
2015/11/18,172.3800,34255.0000,172.1500,173.8430,171.2500
2015/11/17,173.1500,35386.0000,176.4600,178.4700,170.0100
2015/11/16,175.4600,27026.0000,176.5000,178.7300,175.0000
2015/11/13,176.7800,26939.0000,176.5000,180.1841,176.2800
2015/11/12,176.6100,44981.0000,183.4800,184.3900,175.0100
2015/11/11,184.3600,52953.0000,180.7000,186.2192,180.4900
2015/11/10,180.3200,46389.0000,181.6300,185.5924,179.7100
2015/11/09,182.7600,43094.0000,185.5500,188.6800,182.1000
2015/11/06,188.9500,37908.0000,185.3300,189.1800,185.0000
2015/11/05,185.6000,86788.0000,176.0000,189.0300,176.0000
2015/11/04,176.3600,149201.0000,201.0000,204.0000,175.0000
2015/11/03,207.4200,59694.0000,207.7500,208.9400,202.0000
2015/11/02,209.9700,38800.0000,210.2900,213.3557,208.8450
2015/10/30,211.2100,57704.0000,215.0000,215.0200,210.3800
2015/10/29,213.0700,35052.0000,215.0000,217.1300,212.1100
2015/10/28,214.7300,68942.0000,208.7900,216.4700,208.1700
2015/10/27,208.0400,61417.0000,209.2700,211.1800,208.0400
2015/10/26,208.5500,64116.0000,212.9500,213.1450,208.1100
2015/10/23,212.5600,35676.0000,214.7500,214.7500,210.8807
2015/10/22,212.6300,38237.0000,212.0000,213.7200,210.5510
2015/10/21,211.2000,27932.0000,214.6600,214.6600,210.5900
2015/10/20,214.3900,30539.0000,211.5500,214.3900,210.7300
2015/10/19,212.5500,52162.0000,213.1400,215.0080,211.7073
2015/10/16,212.0000,44430.0000,213.5700,213.7300,211.4200
2015/10/15,212.5700,24821.0000,212.6300,213.2946,210.0700
2015/10/14,211.6300,34545.0000,215.8200,216.0000,211.0100
2015/10/13,214.8200,41074.0000,215.0000,218.7800,214.2900
2015/10/12,215.8200,35980.0000,213.5300,215.9700,212.3100
2015/10/09,214.3100,40752.0000,210.8800,215.9300,210.8800
2015/10/08,210.8700,81800.0000,218.0700,219.9500,208.0000
2015/10/07,217.4600,128927.0000,206.7500,220.9300,205.3300
2015/10/06,206.6900,66572.0000,199.6300,207.3300,197.9127
2015/10/05,198.8300,46868.0000,195.0600,199.0600,195.0600
2015/10/02,195.1500,37149.0000,190.0800,195.1500,188.5298
2015/10/01,191.0000,43931.0000,192.8100,193.3400,190.5800
2015/09/30,193.3800,131824.0000,195.6500,199.8700,192.9100
2015/09/29,193.7000,47941.0000,192.1600,195.7300,189.8600
2015/09/28,192.3900,64989.0000,190.1200,194.7300,189.2850
2015/09/25,189.1300,95235.0000,189.9000,194.4310,187.7400
2015/09/24,185.3100,77816.0000,172.8800,186.6300,172.8800
2015/09/23,173.2300,31372.0000,171.1500,173.7800,170.8700
2015/09/22,170.4300,51142.0000,171.2900,171.7800,165.7400
2015/09/21,169.2700,33934.0000,168.3500,169.8100,164.4000
2015/09/18,166.3500,128367.0000,171.1500,174.0920,163.6300
2015/09/17,171.1800,43231.0000,164.7200,173.1000,164.7200
2015/09/16,165.0000,28152.0000,165.4000,165.6700,163.5400
2015/09/15,164.6000,39937.0000,165.2800,165.5300,162.8300
2015/09/14,164.3100,39308.0000,162.7000,167.1000,161.3000
2015/09/11,163.0500,32612.0000,160.6400,163.5000,160.6400
2015/09/10,162.0000,29915.0000,160.4800,163.1600,160.0500
2015/09/09,160.7900,40187.0000,166.5000,167.6801,160.1200
2015/09/08,165.2700,45913.0000,159.1100,168.0000,158.6400
2015/09/04,157.3500,32824.0000,162.5200,162.9200,156.1600
2015/09/03,163.2000,43529.0000,159.0000,165.2600,158.4718
2015/09/02,159.3100,27109.0000,154.4000,159.3100,153.3800
2015/09/01,154.1400,75247.0000,152.5000,155.1800,152.0300
2015/08/31,154.2300,46491.0000,155.9800,158.9300,152.4900
2015/08/28,157.5600,59580.0000,155.1000,157.5600,151.6800
2015/08/27,155.8300,44191.0000,162.6000,162.9899,152.1900
2015/08/26,161.8000,41498.0000,163.1800,163.1800,158.8100
2015/08/25,160.5500,44330.0000,160.8000,162.0000,156.7900
2015/08/24,155.5500,118892.0000,144.5000,155.9900,126.3100
2015/08/21,154.1500,43012.0000,156.4200,156.9300,152.4700
2015/08/20,158.6200,43657.0000,160.7000,160.7000,155.9600
2015/08/19,161.2500,34695.0000,164.3500,164.7614,160.6701
2015/08/18,164.7000,43828.0000,166.1700,166.1700,163.2200
2015/08/17,166.3200,19282.0000,161.5400,166.3200,161.5400
2015/08/14,162.8500,35160.0000,160.2200,163.2900,160.2200
2015/08/13,160.5700,33442.0000,161.3100,162.9400,160.5100
2015/08/12,160.8600,31085.0000,160.2600,162.6300,160.2600
2015/08/11,162.2600,32726.0000,162.4500,164.1975,161.0680
2015/08/10,162.5200,46327.0000,164.5500,166.9700,161.4000
2015/08/07,163.2800,25726.0000,162.0000,167.5200,160.3200
2015/08/06,162.1100,44517.0000,167.2200,170.0000,160.4400
2015/08/05,165.7700,57099.0000,170.0000,174.1000,165.0600
2015/08/04,165.0000,85467.0000,160.2500,166.7700,157.6189
2015/08/03,160.2400,41537.0000,163.0700,163.0700,156.0162
2015/07/31,162.0000,48851.0000,158.2700,162.6444,157.7700
2015/07/30,159.4800,32552.0000,153.4100,160.4000,153.4100
2015/07/29,155.0000,51262.0000,157.1800,158.7999,153.0801
2015/07/28,156.9100,51636.0000,161.0000,161.0000,155.0100
2015/07/27,157.5100,58335.0000,151.0200,157.5400,149.6600
2015/07/24,151.6200,42304.0000,147.9700,153.0000,147.9200
2015/07/23,147.9400,59649.0000,152.2100,153.7000,146.5700
2015/07/22,152.7900,33935.0000,150.7100,153.4400,150.0001
2015/07/21,152.6200,105228.0000,155.2500,156.7950,152.0000
2015/07/20,155.0000,112275.0000,163.9500,164.0899,151.7005
2015/07/17,162.2000,100937.0000,154.3500,162.9300,149.7300
2015/07/16,154.3500,136473.0000,173.0000,173.7200,148.0600
2015/07/15,172.0600,61263.0000,172.0000,175.5000,171.0600
2015/07/14,170.9200,47202.0000,168.9500,171.9899,167.0000
2015/07/13,168.4300,60091.0000,159.1600,170.3500,159.1600
2015/07/10,164.3500,52996.0000,155.1900,165.3300,154.4200
2015/07/09,154.0800,24427.0000,153.4000,155.4600,153.1673
2015/07/08,153.4700,28089.0000,152.0000,155.5100,151.8801
2015/07/07,152.9400,36281.0000,153.7400,155.4500,150.6000
2015/07/06,154.7400,36609.0000,155.2800,155.7502,152.2901
2015/07/02,153.3300,44138.0000,155.0600,156.6900,151.5800
2015/07/01,155.4100,42650.0000,151.9300,155.6360,151.1100
2015/06/30,151.0700,36240.0000,152.7600,152.7600,149.9411
2015/06/29,149.6300,49932.0000,148.9000,153.0400,146.9500
2015/06/26,148.9800,55041.0000,145.6300,149.3999,145.6300
2015/06/25,145.5300,31658.0000,144.4200,146.5500,143.1300
2015/06/24,143.3200,33225.0000,143.7800,145.9800,143.2900
2015/06/23,144.2500,47663.0000,146.0000,146.0000,143.0000
2015/06/22,144.4900,68937.0000,141.0800,145.9300,139.2600
2015/06/19,137.2100,48644.0000,133.9800,137.9900,133.5300
2015/06/18,133.1300,27558.0000,130.4800,133.5900,124.0100
2015/06/17,130.4400,35663.0000,125.4000,130.6800,124.7700
2015/06/16,124.7400,28470.0000,122.8800,125.2400,122.0000
2015/06/15,122.9800,21781.0000,122.4300,123.2600,121.2600
2015/06/12,123.0000,16075.0000,123.1900,124.0700,122.3900
2015/06/11,123.8900,14926.0000,122.7800,124.5400,122.7800
2015/06/10,122.4100,19137.0000,122.1800,123.7600,122.0000
2015/06/09,121.7100,21858.0000,123.1500,123.1500,121.2601
2015/06/08,123.0200,21589.0000,123.2700,124.2000,121.0000
2015/06/05,123.8500,33578.0000,124.0000,124.7600,122.2000
2015/06/04,124.3100,42366.0000,124.4700,125.6250,123.0301
2015/06/03,124.0200,39931.0000,122.9300,124.7800,122.9300
2015/06/02,123.2800,128695.0000,122.1700,125.1500,120.3800
2015/06/01,122.5000,95538.0000,116.4900,122.7500,113.6700
2015/05/29,113.5700,16539.0000,112.9800,113.9999,112.0700
2015/05/28,112.5300,9721.0000,112.9300,113.1200,112.0900
2015/05/27,113.5500,14127.0000,113.0500,114.0200,113.0000
2015/05/26,113.0000,21553.0000,112.9700,114.2900,112.7100
2015/05/22,113.0000,13570.0000,114.9200,115.9200,112.6200
2015/05/21,114.4000,16427.0000,115.9300,116.4000,114.1100
2015/05/20,115.4300,21989.0000,114.0000,115.9300,113.2093
2015/05/19,113.8700,14480.0000,113.0000,114.2000,113.0000
2015/05/18,113.0800,22480.0000,112.1200,113.0900,111.0700
2015/05/15,112.5200,11079.0000,112.7000,113.2400,112.1400
2015/05/14,112.4700,15403.0000,112.9400,113.0000,111.5200
2015/05/13,111.7700,20170.0000,111.6900,112.8800,111.2005
2015/05/12,111.2600,26135.0000,112.7900,113.0000,111.2600
2015/05/11,113.1600,22601.0000,112.5700,114.5100,112.5700
2015/05/08,113.2000,11058.0000,113.3800,113.7000,112.1800
2015/05/07,113.0000,13706.0000,112.8600,113.6700,112.0000
2015/05/06,113.2600,18687.0000,111.4700,113.7500,111.2650
2015/05/05,112.2500,22211.0000,111.6700,112.4700,111.2600
2015/05/04,112.3200,13542.0000,112.5400,113.3000,111.3400
2015/05/01,111.5100,11977.0000,113.9400,113.9400,111.5100
2015/04/30,113.0000,28693.0000,111.5000,114.0354,111.5000
2015/04/29,111.4600,12431.0000,113.9700,114.5000,111.2000
2015/04/28,113.9500,8360.0000,114.5300,114.5300,113.7100
2015/04/27,114.0100,9728.0000,113.5000,114.6000,113.4128
2015/04/24,113.3600,8264.0000,113.3200,114.1084,113.0000
2015/04/23,113.0400,17231.0000,114.0000,114.7600,112.0701
2015/04/22,114.1900,10503.0000,115.0000,115.4874,113.8100
2015/04/21,114.7300,10380.0000,113.3600,114.9800,112.1300
2015/04/20,113.7000,7407.0000,112.6800,113.7450,112.5300
2015/04/17,111.3200,15727.0000,114.1200,115.0200,111.3100
2015/04/16,115.0500,8230.0000,114.5500,115.2000,114.3779
2015/04/15,115.1100,9342.0000,115.8600,115.9600,114.8641
2015/04/14,115.3000,8195.0000,115.0500,115.9800,114.8200
2015/04/13,115.0700,16114.0000,116.0300,116.0300,114.6500
2015/04/10,115.8600,19522.0000,114.3200,115.9900,114.2400
2015/04/09,114.5100,18183.0000,116.4500,116.4500,114.0500
2015/04/08,116.0000,13762.0000,116.0000,116.0000,115.2000
2015/04/07,115.7100,12984.0000,115.6600,115.7600,114.8200
2015/04/06,115.4300,36621.0000,113.9900,115.8400,113.9900
2015/04/02,114.5200,18039.0000,114.0900,115.0000,113.7200
2015/04/01,114.0000,14891.0000,113.6000,114.2400,112.4301
2015/03/31,113.0600,10254.0000,113.8800,113.9900,112.1400
2015/03/30,113.5700,20278.0000,112.5800,116.1100,111.6000
2015/03/27,111.5700,27058.0000,107.1100,112.0000,106.5200
2015/03/26,106.9700,17607.0000,107.4800,107.4800,105.1200
2015/03/25,106.8800,16653.0000,109.4800,109.9600,106.8800
2015/03/24,108.8800,24072.0000,107.7500,109.6600,107.4600
2015/03/23,107.3900,16057.0000,108.0000,108.0000,107.1801
2015/03/20,107.5900,17945.0000,107.0000,108.0000,106.3719
2015/03/19,106.7700,12313.0000,107.0000,107.1499,105.1245
2015/03/18,107.0000,14181.0000,106.7700,107.8000,105.8400
2015/03/17,106.1700,9992.0000,107.9200,107.9200,105.7000
2015/03/16,107.9000,16862.0000,106.6500,108.0000,105.7100
2015/03/13,106.6500,21925.0000,105.7000,106.9700,105.0100
2015/03/12,106.4800,23826.0000,104.7000,107.0300,103.9900
2015/03/11,103.6400,19543.0000,104.6900,105.4300,103.5100
2015/03/10,104.8400,21893.0000,104.2800,106.0000,103.0001
2015/03/09,105.6800,33036.0000,102.3900,105.9800,102.3900
2015/03/06,102.0100,23907.0000,100.7200,103.0500,100.4163
2015/03/05,101.4100,46811.0000,104.3000,104.5825,99.2810
2015/03/04,104.2400,23176.0000,106.0000,106.3300,103.4800
2015/03/03,106.3700,20255.0000,105.7400,106.6900,105.4200
2015/03/02,105.6500,9177.0000,105.0000,106.4715,105.0000
2015/02/27,104.3900,13727.0000,104.2500,107.3900,104.0000
2015/02/26,103.8000,12890.0000,104.1900,104.9300,103.2800
2015/02/25,103.5900,6336.0000,103.9500,104.0000,102.3010
2015/02/24,103.3800,13416.0000,102.1800,103.9900,100.3300
2015/02/23,102.7600,18143.0000,101.7600,103.8600,100.9520
2015/02/20,102.2400,20297.0000,101.8900,103.9900,101.2100
2015/02/19,101.7900,15915.0000,102.1400,103.2400,101.0667
2015/02/18,102.9400,18778.0000,100.0000,102.9800,99.2000
2015/02/17,100.3200,19333.0000,100.7900,100.9400,99.0001
2015/02/13,100.7700,15932.0000,100.6400,100.9800,98.9220
2015/02/12,100.2900,6337.0000,100.0900,100.5300,99.9400
2015/02/11,99.5200,9795.0000,99.7700,100.4600,99.5000
2015/02/10,100.1500,18293.0000,100.5700,101.3473,99.0600
2015/02/09,99.6800,18561.0000,99.8500,100.3900,98.9000
2015/02/06,100.5000,24375.0000,101.6500,102.3099,100.3000
2015/02/05,101.9200,12084.0000,102.4200,102.4200,100.3357
2015/02/04,101.5800,31798.0000,99.0000,102.5200,98.1600
2015/02/03,98.5400,26147.0000,97.9200,99.5928,96.3900
2015/02/02,97.2800,28934.0000,97.0000,98.1000,95.9600
2015/01/30,97.5400,29205.0000,97.7000,100.1400,96.3600
2015/01/29,98.6900,33900.0000,100.9700,101.5400,97.6300
2015/01/28,101.0300,23982.0000,103.5100,104.5300,99.4600
2015/01/27,103.9300,28204.0000,105.0000,105.0000,102.1650
2015/01/26,105.0700,19817.0000,104.8600,105.7000,100.3200
2015/01/23,104.0100,42335.0000,102.2500,104.8000,100.4800
2015/01/22,102.8500,12263.0000,99.5000,102.8900,98.8800
2015/01/21,99.4000,17839.0000,98.7000,99.5300,98.0000
2015/01/20,98.4700,19115.0000,95.4200,99.0800,94.8400
2015/01/16,95.9900,32961.0000,93.4100,95.9900,92.4200
2015/01/15,93.8600,23410.0000,92.3000,93.8900,90.6220
2015/01/14,91.6000,10215.0000,90.3500,91.6000,89.4800
2015/01/13,91.3000,12882.0000,90.7700,91.5600,90.0000
2015/01/12,90.2300,9963.0000,89.6500,90.7900,89.5300
2015/01/09,90.2200,17726.0000,89.8100,90.2500,88.4430
2015/01/08,90.1800,12560.0000,89.3800,90.2000,88.1500
2015/01/07,89.1300,13153.0000,89.3700,89.4900,88.0000
2015/01/06,88.5900,11811.0000,89.2000,89.6300,88.0000
2015/01/05,89.2000,13625.0000,89.0700,90.0273,88.3687
2015/01/02,89.8700,30286.0000,88.7900,90.1000,86.9000
2014/12/31,88.0300,21148.0000,88.9900,90.2490,88.0000
2014/12/30,88.3100,16338.0000,87.6000,90.0400,87.5100
2014/12/29,87.9400,12564.0000,88.6700,89.2100,87.2000
2014/12/26,88.5500,7871.0000,88.7500,89.2000,87.7500
2014/12/24,88.1900,4829.0000,87.7500,88.4000,86.9044
2014/12/23,87.7400,19996.0000,87.4700,88.5700,86.2400
2014/12/22,87.6400,17320.0000,87.2800,87.9300,86.2500
2014/12/19,86.7400,36988.0000,88.3900,88.7200,86.2900
2014/12/18,88.7200,17820.0000,88.0000,88.8200,86.5664
2014/12/17,87.2000,16847.0000,84.5200,87.2000,84.5200
2014/12/16,83.8100,19957.0000,82.7200,85.0400,82.7200
2014/12/15,82.6600,29629.0000,84.8000,84.9500,82.3200
2014/12/12,84.5700,17891.0000,87.4400,89.7342,84.4400
2014/12/11,88.4200,30338.0000,84.9700,88.8625,84.9700
2014/12/10,85.1300,25778.0000,86.3100,87.5600,84.8100
2014/12/09,86.4800,22648.0000,85.0000,86.7000,83.0900
2014/12/08,86.0300,32029.0000,88.8800,89.3400,85.3200
2014/12/05,89.3400,22715.0000,87.9300,89.9200,87.4000
2014/12/04,88.1600,23820.0000,86.8700,89.8900,85.4300
2014/12/03,87.2900,35760.0000,88.9300,89.3600,86.7100
2014/12/02,88.2200,407804.0000,86.0400,89.4900,84.3100
2014/12/01,86.3500,80597.0000,93.0600,93.5600,86.2800
2014/11/28,94.5600,11607.0000,93.7300,95.6500,93.7300
2014/11/26,93.3700,6825.0000,92.8800,93.7200,92.0500
2014/11/25,92.3900,9448.0000,93.5200,94.1300,92.1800
2014/11/24,93.4300,10053.0000,91.7900,93.5350,91.7300
2014/11/21,92.4900,13195.0000,93.2700,93.9800,92.1900
2014/11/20,92.4600,25016.0000,91.9100,92.8400,90.2300
2014/11/19,91.6800,25182.0000,91.6950,93.4200,90.4000
2014/11/18,91.4900,12752.0000,91.2900,92.3900,90.7001
2014/11/17,90.6200,18062.0000,91.5300,91.9000,90.1950
2014/11/14,91.6800,17789.0000,90.1600,91.9800,90.0100
2014/11/13,90.0800,13017.0000,90.5900,92.0000,89.7900
2014/11/12,91.1900,19137.0000,89.9500,91.4400,89.6014
2014/11/11,90.2700,10652.0000,88.6100,90.4300,87.7850
2014/11/10,88.9600,24589.0000,90.3800,90.3800,87.5410
2014/11/07,90.0000,16319.0000,90.1000,92.1220,89.0000
2014/11/06,90.8200,14316.0000,90.3800,91.0499,89.0000
2014/11/05,90.6500,14059.0000,91.8600,92.8100,89.3500
2014/11/04,91.4100,21032.0000,90.4200,92.4400,89.8401
2014/11/03,91.3100,25056.0000,89.7800,91.3300,89.3680
2014/10/31,90.4400,33799.0000,89.5000,91.2875,89.3700
2014/10/30,89.2900,16606.0000,87.2300,89.2900,86.9600
2014/10/29,86.9600,24277.0000,86.9000,87.9700,85.0600
2014/10/28,87.0500,33908.0000,83.6900,87.3300,82.7000
2014/10/27,83.0800,12234.0000,82.6800,83.4700,81.5700
2014/10/24,82.6100,10493.0000,81.9800,82.6100,81.5210
2014/10/23,81.9800,27860.0000,81.9000,82.7900,79.5701
2014/10/22,81.6300,20706.0000,81.0200,81.6900,80.2200
2014/10/21,81.2800,39416.0000,81.2000,81.2900,79.7700
2014/10/20,81.3200,14470.0000,80.6100,81.6100,78.7200
2014/10/17,81.5100,19763.0000,83.3800,83.3800,81.1800
2014/10/16,82.0300,26064.0000,81.3300,83.1500,81.2101
2014/10/15,82.8400,39172.0000,82.2800,83.4700,80.2701
2014/10/14,82.5500,53033.0000,80.6700,83.4200,80.4601
2014/10/13,80.5500,28250.0000,78.9400,81.0200,78.6400
2014/10/10,78.5900,28293.0000,76.8200,79.5200,76.2695
2014/10/09,77.0200,13545.0000,78.2500,78.7000,76.8000
2014/10/08,78.6900,38715.0000,75.3700,78.9100,75.0700
2014/10/07,75.7500,20310.0000,75.5800,76.4700,75.4400
2014/10/06,76.0600,10046.0000,76.5900,76.8400,75.6301
2014/10/03,76.0600,16637.0000,74.5300,76.6620,74.3700
2014/10/02,73.8700,7295.0000,73.9600,74.7469,73.0386
2014/10/01,74.1300,16867.0000,74.2600,74.7050,73.5000
2014/09/30,74.6300,20462.0000,75.0500,75.2200,74.4100
2014/09/29,74.9700,13470.0000,74.9800,75.4790,74.5627
2014/09/26,75.7400,11436.0000,75.3800,77.3100,75.0000
2014/09/25,75.5100,23105.0000,76.9200,77.4535,74.5000
2014/09/24,76.8500,8388.0000,77.0200,77.4700,76.4000
2014/09/23,77.0200,20038.0000,77.0000,77.7500,75.9000
2014/09/22,77.1200,14110.0000,76.9200,77.7700,76.7500
2014/09/19,77.4100,69846.0000,76.2500,77.8350,75.4001
2014/09/18,75.3900,11087.0000,76.3900,76.4100,75.2300
2014/09/17,76.1800,15499.0000,76.5400,76.8200,76.0000
2014/09/16,76.8500,11957.0000,76.4700,77.0000,76.1900
2014/09/15,76.2600,12024.0000,76.4700,76.4700,75.8400
2014/09/12,76.4500,22069.0000,76.2500,76.4500,75.4350
2014/09/11,76.0400,7883.0000,75.0928,76.4600,75.0928
2014/09/10,75.6200,11569.0000,75.8570,76.2100,75.2500
2014/09/09,75.0100,19712.0000,75.3200,75.5000,74.5100
2014/09/08,75.3300,23921.0000,74.7500,75.5300,74.0100
2014/09/05,74.6100,10392.0000,75.9200,77.0700,74.5600
2014/09/04,75.9100,25930.0000,75.5300,76.9600,75.5100
2014/09/03,75.5900,38595.0000,76.5100,76.8500,74.5400
2014/09/02,76.5100,24847.0000,74.8400,76.8300,74.8200
2014/08/29,74.3600,12122.0000,73.4400,74.4100,73.2600
2014/08/28,73.2500,13346.0000,73.1800,73.8900,72.8600
2014/08/27,73.3900,10956.0000,73.8300,73.8300,72.7200
2014/08/26,73.7400,12162.0000,74.0300,74.7000,73.5460
2014/08/25,74.1000,9193.0000,75.2200,75.4067,74.0100
2014/08/22,74.6000,12820.0000,75.1500,75.3100,74.5400
2014/08/21,75.1700,15828.0000,75.2800,75.2800,74.5000
2014/08/20,75.2400,15138.0000,75.4900,76.2699,75.0600
2014/08/19,75.9000,26716.0000,75.2500,76.0300,74.6400
2014/08/18,75.1000,25659.0000,74.8700,75.1100,74.0600
