msft, 1
Date,Time,Open,High,Low,Close,Volume,OpenInt
2017-08-03,15:35:00,71.807,71.986,71.797,71.917,575203,0
2017-08-03,15:40:00,71.917,71.932,71.688,71.778,333928,0
2017-08-03,15:45:00,71.783,71.847,71.663,71.728,253263,0
2017-08-03,15:50:00,71.728,71.857,71.668,71.837,279275,0
2017-08-03,15:55:00,71.837,71.867,71.589,71.589,295379,0
2017-08-03,16:00:00,71.594,71.668,71.549,71.608,270863,0
2017-08-03,16:05:00,71.599,71.758,71.579,71.658,244614,0
2017-08-03,16:10:00,71.658,71.678,71.529,71.618,346058,0
2017-08-03,16:15:00,71.618,71.648,71.469,71.494,253511,0
2017-08-03,16:20:00,71.489,71.658,71.464,71.653,226951,0
2017-08-03,16:25:00,71.658,71.708,71.618,71.663,128152,0
2017-08-03,16:30:00,71.654,71.763,71.648,71.758,199703,0
2017-08-03,16:35:00,71.748,71.778,71.678,71.688,152820,0
2017-08-03,16:40:00,71.688,71.768,71.668,71.673,171878,0
2017-08-03,16:45:00,71.673,71.738,71.648,71.708,146783,0
2017-08-03,16:50:00,71.718,71.718,71.613,71.628,134856,0
2017-08-03,16:55:00,71.618,71.663,71.612,71.628,133354,0
2017-08-03,17:00:00,71.638,71.708,71.618,71.688,150371,0
2017-08-03,17:05:00,71.693,71.693,71.579,71.638,287766,0
2017-08-03,17:10:00,71.638,71.728,71.589,71.713,468888,0
2017-08-03,17:15:00,71.718,71.723,71.653,71.653,96507,0
2017-08-03,17:20:00,71.648,71.678,71.549,71.579,190400,0
2017-08-03,17:25:00,71.569,71.618,71.569,71.579,83527,0
2017-08-03,17:30:00,71.579,71.638,71.574,71.628,113631,0
2017-08-03,17:35:00,71.632,71.638,71.564,71.604,112672,0
2017-08-03,17:40:00,71.608,71.658,71.608,71.653,86483,0
2017-08-03,17:45:00,71.658,71.673,71.613,71.638,85866,0
2017-08-03,17:50:00,71.638,71.638,71.599,71.599,165001,0
2017-08-03,17:55:00,71.608,71.648,71.604,71.633,73327,0
2017-08-03,18:00:00,71.638,71.658,71.604,71.623,235353,0
2017-08-03,18:05:00,71.623,71.728,71.623,71.678,190467,0
2017-08-03,18:10:00,71.683,71.708,71.618,71.628,146939,0
2017-08-03,18:15:00,71.623,71.758,71.623,71.758,205281,0
2017-08-03,18:20:00,71.753,71.882,71.748,71.872,160364,0
2017-08-03,18:25:00,71.867,71.892,71.837,71.872,154184,0
2017-08-03,18:30:00,71.867,72.006,71.867,72.006,203659,0
2017-08-03,18:35:00,72.006,72.056,71.996,72.031,192849,0
2017-08-03,18:40:00,72.026,72.046,72.021,72.036,108247,0
2017-08-03,18:45:00,72.041,72.056,72.016,72.041,174531,0
2017-08-03,18:50:00,72.041,72.056,71.957,71.957,140213,0
2017-08-03,18:55:00,71.952,71.957,71.877,71.917,91155,0
2017-08-03,19:00:00,71.927,71.957,71.892,71.892,88808,0
2017-08-03,19:05:00,71.893,71.907,71.877,71.882,58159,0
2017-08-03,19:10:00,71.882,71.897,71.842,71.847,174147,0
2017-08-03,19:15:00,71.847,71.887,71.827,71.847,81347,0
2017-08-03,19:20:00,71.847,71.877,71.837,71.857,55558,0
2017-08-03,19:25:00,71.852,71.857,71.797,71.807,104482,0
2017-08-03,19:30:00,71.797,71.802,71.73,71.783,151601,0
2017-08-03,19:35:00,71.783,71.807,71.723,71.791,95928,0
2017-08-03,19:40:00,71.792,71.847,71.792,71.837,112697,0
2017-08-03,19:45:00,71.847,71.912,71.837,71.887,108705,0
2017-08-03,19:50:00,71.897,71.897,71.857,71.872,86227,0
2017-08-03,19:55:00,71.872,71.957,71.862,71.922,128075,0
2017-08-03,20:00:00,71.917,71.937,71.907,71.912,120468,0
2017-08-03,20:05:00,71.917,71.957,71.897,71.897,167275,0
2017-08-03,20:10:00,71.907,71.907,71.827,71.832,92356,0
2017-08-03,20:15:00,71.832,71.847,71.738,71.738,202593,0
2017-08-03,20:20:00,71.739,71.788,71.728,71.773,139209,0
2017-08-03,20:25:00,71.773,71.827,71.748,71.827,161331,0
2017-08-03,20:30:00,71.827,71.832,71.778,71.827,149002,0
2017-08-03,20:35:00,71.817,71.822,71.792,71.812,79183,0
2017-08-03,20:40:00,71.812,71.837,71.788,71.792,117878,0
2017-08-03,20:45:00,71.788,71.797,71.758,71.778,158810,0
2017-08-03,20:50:00,71.778,71.788,71.748,71.758,120942,0
2017-08-03,20:55:00,71.758,71.778,71.738,71.754,111180,0
2017-08-03,21:00:00,71.748,71.758,71.708,71.738,95975,0
2017-08-03,21:05:00,71.743,71.768,71.738,71.748,118863,0
2017-08-03,21:10:00,71.738,71.768,71.728,71.744,129684,0
2017-08-03,21:15:00,71.738,71.807,71.718,71.807,247260,0
2017-08-03,21:20:00,71.797,71.827,71.778,71.778,144765,0
2017-08-03,21:25:00,71.778,71.837,71.773,71.817,156021,0
2017-08-03,21:30:00,71.817,71.827,71.792,71.802,130030,0
2017-08-03,21:35:00,71.797,71.807,71.559,71.628,560619,0
2017-08-03,21:40:00,71.638,71.698,71.579,71.678,392439,0
2017-08-03,21:45:00,71.678,71.728,71.628,71.688,231971,0
2017-08-03,21:50:00,71.688,71.723,71.678,71.713,330523,0
2017-08-03,21:55:00,71.713,71.788,71.708,71.778,485656,0
2017-08-03,22:00:00,71.788,71.827,71.728,71.768,942358,0
2017-08-04,15:35:00,71.986,72.315,71.957,72.17,449291,0
2017-08-04,15:40:00,72.166,72.335,72.146,72.31,547036,0
2017-08-04,15:45:00,72.315,72.384,72.275,72.339,667205,0
2017-08-04,15:50:00,72.335,72.384,72.225,72.225,386373,0
2017-08-04,15:55:00,72.225,72.285,72.116,72.235,303349,0
2017-08-04,16:00:00,72.235,72.255,72.046,72.056,424688,0
2017-08-04,16:05:00,72.061,72.112,71.937,71.953,352527,0
2017-08-04,16:10:00,71.957,71.996,71.857,71.877,346553,0
2017-08-04,16:15:00,71.877,71.967,71.877,71.947,203931,0
2017-08-04,16:20:00,71.947,72.136,71.927,72.11,277802,0
2017-08-04,16:25:00,72.116,72.131,72.076,72.101,188268,0
2017-08-04,16:30:00,72.106,72.275,72.106,72.225,216388,0
2017-08-04,16:35:00,72.232,72.235,72.155,72.205,149542,0
2017-08-04,16:40:00,72.21,72.225,72.161,72.2,145158,0
2017-08-04,16:45:00,72.201,72.275,72.195,72.205,192529,0
2017-08-04,16:50:00,72.205,72.26,72.195,72.252,92608,0
2017-08-04,16:55:00,72.25,72.315,72.166,72.18,185199,0
2017-08-04,17:00:00,72.18,72.275,72.166,72.275,96512,0
2017-08-04,17:05:00,72.275,72.285,72.215,72.267,261098,0
2017-08-04,17:10:00,72.27,72.28,72.215,72.215,113629,0
2017-08-04,17:15:00,72.205,72.275,72.205,72.25,119183,0
2017-08-04,17:20:00,72.255,72.404,72.255,72.394,174115,0
2017-08-04,17:25:00,72.394,72.404,72.345,72.369,123664,0
2017-08-04,17:30:00,72.364,72.384,72.325,72.384,104589,0
2017-08-04,17:35:00,72.374,72.439,72.374,72.384,148279,0
2017-08-04,17:40:00,72.384,72.524,72.355,72.524,205232,0
2017-08-04,17:45:00,72.524,72.573,72.464,72.563,362942,0
2017-08-04,17:50:00,72.568,72.578,72.524,72.543,244311,0
2017-08-04,17:55:00,72.537,72.653,72.534,72.613,277062,0
2017-08-04,18:00:00,72.613,72.623,72.553,72.583,175519,0
2017-08-04,18:05:00,72.588,72.588,72.494,72.509,207286,0
2017-08-04,18:10:00,72.504,72.51,72.464,72.464,189400,0
2017-08-04,18:15:00,72.469,72.474,72.374,72.389,174711,0
2017-08-04,18:20:00,72.389,72.424,72.325,72.34,224189,0
2017-08-04,18:25:00,72.345,72.345,72.315,72.335,174206,0
2017-08-04,18:30:00,72.336,72.404,72.335,72.394,95730,0
2017-08-04,18:35:00,72.404,72.424,72.295,72.295,365877,0
2017-08-04,18:40:00,72.295,72.305,72.175,72.235,220575,0
2017-08-04,18:45:00,72.235,72.265,72.185,72.185,143184,0
2017-08-04,18:50:00,72.185,72.225,72.156,72.205,241543,0
2017-08-04,18:55:00,72.205,72.265,72.185,72.235,141259,0
2017-08-04,19:00:00,72.24,72.265,72.22,72.235,160222,0
2017-08-04,19:05:00,72.235,72.285,72.215,72.265,128459,0
2017-08-04,19:10:00,72.265,72.27,72.175,72.245,171149,0
2017-08-04,19:15:00,72.245,72.245,72.136,72.146,162685,0
2017-08-04,19:20:00,72.146,72.19,72.106,72.146,160305,0
2017-08-04,19:25:00,72.146,72.225,72.146,72.205,205673,0
2017-08-04,19:30:00,72.205,72.225,72.175,72.21,232683,0
2017-08-04,19:35:00,72.205,72.24,72.205,72.225,205428,0
2017-08-04,19:40:00,72.225,72.235,72.175,72.18,151895,0
2017-08-04,19:45:00,72.18,72.195,72.156,72.176,129542,0
2017-08-04,19:50:00,72.175,72.205,72.161,72.196,148608,0
2017-08-04,19:55:00,72.205,72.265,72.2,72.255,182010,0
2017-08-04,20:00:00,72.255,72.305,72.225,72.292,190715,0
2017-08-04,20:05:00,72.285,72.305,72.25,72.3,214675,0
2017-08-04,20:10:00,72.296,72.305,72.26,72.285,198689,0
2017-08-04,20:15:00,72.285,72.292,72.25,72.275,236803,0
2017-08-04,20:20:00,72.275,72.275,72.18,72.185,179187,0
2017-08-04,20:25:00,72.185,72.195,72.166,72.166,107754,0
2017-08-04,20:30:00,72.166,72.195,72.116,72.131,171676,0
2017-08-04,20:35:00,72.126,72.175,72.126,72.146,195656,0
2017-08-04,20:40:00,72.146,72.185,72.146,72.156,87619,0
2017-08-04,20:45:00,72.156,72.18,72.156,72.166,112404,0
2017-08-04,20:50:00,72.166,72.245,72.166,72.215,271733,0
2017-08-04,20:55:00,72.215,72.235,72.185,72.23,144065,0
2017-08-04,21:00:00,72.23,72.255,72.146,72.146,165525,0
2017-08-04,21:05:00,72.146,72.215,72.146,72.21,171817,0
2017-08-04,21:10:00,72.21,72.23,72.156,72.156,215456,0
2017-08-04,21:15:00,72.156,72.185,72.156,72.159,330591,0
2017-08-04,21:20:00,72.156,72.166,72.106,72.121,277348,0
2017-08-04,21:25:00,72.121,72.146,72.076,72.076,198315,0
2017-08-04,21:30:00,72.076,72.156,72.066,72.156,201511,0
2017-08-04,21:35:00,72.156,72.205,72.136,72.2,271775,0
2017-08-04,21:40:00,72.2,72.215,72.136,72.146,315396,0
2017-08-04,21:45:00,72.146,72.185,72.136,72.17,307514,0
2017-08-04,21:50:00,72.166,72.175,72.136,72.136,376034,0
2017-08-04,21:55:00,72.14,72.285,72.136,72.215,1217629,0
2017-08-04,22:00:00,72.22,72.315,72.185,72.295,3118783,0
2017-08-07,15:35:00,72.414,72.514,72.251,72.384,616659,0
2017-08-07,15:40:00,72.376,72.464,72.166,72.205,396658,0
2017-08-07,15:45:00,72.205,72.325,72.166,72.285,293796,0
2017-08-07,15:50:00,72.285,72.325,72.235,72.235,247123,0
2017-08-07,15:55:00,72.245,72.295,72.215,72.282,243616,0
2017-08-07,16:00:00,72.285,72.335,72.2,72.245,226534,0
2017-08-07,16:05:00,72.245,72.265,72.185,72.235,258441,0
2017-08-07,16:10:00,72.24,72.285,72.195,72.205,134600,0
2017-08-07,16:15:00,72.2,72.29,72.175,72.235,266467,0
2017-08-07,16:20:00,72.235,72.235,72.136,72.15,124362,0
2017-08-07,16:25:00,72.151,72.205,72.14,72.16,125515,0
2017-08-07,16:30:00,72.156,72.19,72.116,72.185,168384,0
2017-08-07,16:35:00,72.185,72.245,72.156,72.24,178348,0
2017-08-07,16:40:00,72.24,72.315,72.225,72.295,187198,0
2017-08-07,16:45:00,72.297,72.305,72.225,72.23,148800,0
2017-08-07,16:50:00,72.23,72.29,72.195,72.27,192279,0
2017-08-07,16:55:00,72.27,72.384,72.27,72.357,219008,0
2017-08-07,17:00:00,72.359,72.374,72.265,72.27,163612,0
2017-08-07,17:05:00,72.27,72.27,72.175,72.175,286302,0
2017-08-07,17:10:00,72.175,72.205,72.106,72.106,165224,0
2017-08-07,17:15:00,72.106,72.175,72.086,72.101,204445,0
2017-08-07,17:20:00,72.101,72.156,72.081,72.106,151558,0
2017-08-07,17:25:00,72.106,72.116,72.086,72.096,77411,0
2017-08-07,17:30:00,72.106,72.185,72.106,72.181,215100,0
2017-08-07,17:35:00,72.185,72.215,72.156,72.166,217160,0
2017-08-07,17:40:00,72.166,72.215,72.166,72.21,115618,0
2017-08-07,17:45:00,72.215,72.225,72.116,72.141,160445,0
2017-08-07,17:50:00,72.14,72.156,72.046,72.056,161961,0
2017-08-07,17:55:00,72.051,72.076,72.036,72.036,221270,0
2017-08-07,18:00:00,72.042,72.076,72.026,72.032,129029,0
2017-08-07,18:05:00,72.031,72.036,71.977,71.977,242668,0
2017-08-07,18:10:00,71.986,72.006,71.947,72.001,133566,0
2017-08-07,18:15:00,72.004,72.036,71.996,72.031,112951,0
2017-08-07,18:20:00,72.026,72.031,71.986,71.991,170233,0
2017-08-07,18:25:00,71.986,72.036,71.986,72.031,150275,0
2017-08-07,18:30:00,72.029,72.043,72.006,72.006,209041,0
2017-08-07,18:35:00,72.011,72.016,71.991,72.013,77104,0
2017-08-07,18:40:00,72.013,72.026,71.996,72.021,55849,0
2017-08-07,18:45:00,72.016,72.026,71.996,72.025,66272,0
2017-08-07,18:50:00,72.021,72.026,71.996,72.021,91418,0
2017-08-07,18:55:00,72.021,72.022,71.986,71.986,110006,0
2017-08-07,19:00:00,71.993,71.996,71.977,71.991,100404,0
2017-08-07,19:05:00,71.996,72.016,71.986,72.016,73456,0
2017-08-07,19:10:00,72.016,72.036,72.006,72.006,130220,0
2017-08-07,19:15:00,72.016,72.086,71.996,72.086,67665,0
2017-08-07,19:20:00,72.086,72.086,72.036,72.071,133083,0
2017-08-07,19:25:00,72.066,72.106,72.056,72.091,103754,0
2017-08-07,19:30:00,72.091,72.116,72.091,72.101,45262,0
2017-08-07,19:35:00,72.101,72.116,72.09,72.106,89707,0
2017-08-07,19:40:00,72.106,72.116,72.076,72.086,68404,0
2017-08-07,19:45:00,72.086,72.126,72.076,72.097,114718,0
2017-08-07,19:50:00,72.101,72.106,72.066,72.074,58660,0
2017-08-07,19:55:00,72.076,72.086,72.046,72.056,80873,0
2017-08-07,20:00:00,72.056,72.066,72.046,72.061,59370,0
2017-08-07,20:05:00,72.056,72.086,72.056,72.066,165647,0
2017-08-07,20:10:00,72.056,72.096,72.056,72.081,128546,0
2017-08-07,20:15:00,72.081,72.096,72.026,72.026,111103,0
2017-08-07,20:20:00,72.026,72.066,72.006,72.056,110376,0
2017-08-07,20:25:00,72.056,72.066,71.996,72.016,135425,0
2017-08-07,20:30:00,72.021,72.036,71.996,72.011,98058,0
2017-08-07,20:35:00,72.006,72.021,71.996,72.006,52812,0
2017-08-07,20:40:00,72.016,72.046,72.006,72.031,195066,0
2017-08-07,20:45:00,72.036,72.036,72.006,72.022,109015,0
2017-08-07,20:50:00,72.021,72.026,71.932,71.953,123359,0
2017-08-07,20:55:00,71.952,71.981,71.947,71.972,100430,0
2017-08-07,21:00:00,71.977,71.981,71.937,71.947,134442,0
2017-08-07,21:05:00,71.942,71.957,71.922,71.942,128027,0
2017-08-07,21:10:00,71.942,71.977,71.937,71.952,83354,0
2017-08-07,21:15:00,71.952,71.967,71.907,71.927,154436,0
2017-08-07,21:20:00,71.922,71.927,71.877,71.877,100915,0
2017-08-07,21:25:00,71.877,71.947,71.877,71.944,120231,0
2017-08-07,21:30:00,71.947,72.016,71.907,72.016,266520,0
2017-08-07,21:35:00,72.011,72.016,71.957,71.957,120488,0
2017-08-07,21:40:00,71.966,71.996,71.927,71.991,203600,0
2017-08-07,21:45:00,71.996,72.046,71.991,72.041,367173,0
2017-08-07,21:50:00,72.041,72.066,72.016,72.036,513894,0
2017-08-07,21:55:00,72.036,72.175,72.031,72.111,1018680,0
2017-08-07,22:00:00,72.116,72.126,71.986,72.016,3455765,0
2017-08-08,15:35:00,71.708,71.788,71.37,71.541,1138062,0
2017-08-08,15:40:00,71.529,71.678,71.499,71.658,526617,0
2017-08-08,15:45:00,71.658,71.877,71.638,71.862,483515,0
2017-08-08,15:50:00,71.837,71.996,71.827,71.927,398402,0
2017-08-08,15:55:00,71.927,71.933,71.827,71.862,236988,0
2017-08-08,16:00:00,71.867,72.026,71.867,71.951,272669,0
2017-08-08,16:05:00,71.957,72.016,71.957,71.977,191832,0
2017-08-08,16:10:00,71.971,72.106,71.967,72.101,190718,0
2017-08-08,16:15:00,72.101,72.106,71.927,71.927,187001,0
2017-08-08,16:20:00,71.932,71.967,71.847,71.952,132565,0
2017-08-08,16:25:00,71.957,71.967,71.907,71.937,119664,0
2017-08-08,16:30:00,71.937,71.967,71.907,71.917,129874,0
2017-08-08,16:35:00,71.922,71.947,71.847,71.862,241458,0
2017-08-08,16:40:00,71.867,72.011,71.862,71.996,196532,0
2017-08-08,16:45:00,71.986,72.016,71.967,72.016,100235,0
2017-08-08,16:50:00,72.016,72.066,72.006,72.006,152072,0
2017-08-08,16:55:00,72.006,72.116,71.996,72.091,177587,0
2017-08-08,17:00:00,72.091,72.166,72.076,72.156,157872,0
2017-08-08,17:05:00,72.147,72.156,72.056,72.081,114887,0
2017-08-08,17:10:00,72.081,72.126,72.081,72.111,132968,0
2017-08-08,17:15:00,72.106,72.116,72.066,72.091,114269,0
2017-08-08,17:20:00,72.096,72.136,72.076,72.076,169959,0
2017-08-08,17:25:00,72.081,72.106,72.056,72.092,108156,0
2017-08-08,17:30:00,72.091,72.195,72.086,72.18,174456,0
2017-08-08,17:35:00,72.175,72.335,72.175,72.305,226759,0
2017-08-08,17:40:00,72.3,72.305,72.265,72.285,117595,0
2017-08-08,17:45:00,72.285,72.345,72.265,72.34,143030,0
2017-08-08,17:50:00,72.345,72.374,72.305,72.34,149059,0
2017-08-08,17:55:00,72.374,72.504,72.374,72.474,208163,0
2017-08-08,18:00:00,72.479,72.598,72.469,72.557,288827,0
2017-08-08,18:05:00,72.558,72.593,72.524,72.573,156603,0
2017-08-08,18:10:00,72.573,72.663,72.514,72.638,290875,0
2017-08-08,18:15:00,72.633,72.683,72.613,72.618,183013,0
2017-08-08,18:20:00,72.623,72.653,72.573,72.593,155172,0
2017-08-08,18:25:00,72.583,72.678,72.583,72.666,249349,0
2017-08-08,18:30:00,72.672,72.703,72.648,72.663,137788,0
2017-08-08,18:35:00,72.658,72.693,72.643,72.683,149662,0
2017-08-08,18:40:00,72.693,72.742,72.613,72.623,245814,0
2017-08-08,18:45:00,72.619,72.663,72.613,72.638,95954,0
2017-08-08,18:50:00,72.638,72.643,72.573,72.608,131044,0
2017-08-08,18:55:00,72.608,72.633,72.593,72.598,89191,0
2017-08-08,19:00:00,72.598,72.633,72.553,72.554,78504,0
2017-08-08,19:05:00,72.553,72.583,72.543,72.573,179491,0
2017-08-08,19:10:00,72.578,72.662,72.573,72.653,116451,0
2017-08-08,19:15:00,72.643,72.663,72.633,72.658,90737,0
2017-08-08,19:20:00,72.663,72.663,72.613,72.633,122567,0
2017-08-08,19:25:00,72.633,72.663,72.633,72.653,64092,0
2017-08-08,19:30:00,72.658,72.693,72.543,72.563,240619,0
2017-08-08,19:35:00,72.558,72.603,72.514,72.587,260174,0
2017-08-08,19:40:00,72.583,72.633,72.548,72.613,204468,0
2017-08-08,19:45:00,72.613,72.633,72.578,72.603,106146,0
2017-08-08,19:50:00,72.608,72.693,72.608,72.683,84537,0
2017-08-08,19:55:00,72.683,72.703,72.683,72.688,56766,0
2017-08-08,20:00:00,72.683,72.693,72.613,72.633,99827,0
2017-08-08,20:05:00,72.633,72.653,72.598,72.613,122174,0
2017-08-08,20:10:00,72.613,72.653,72.593,72.621,174023,0
2017-08-08,20:15:00,72.629,72.673,72.613,72.628,74544,0
2017-08-08,20:20:00,72.623,72.633,72.593,72.633,142797,0
2017-08-08,20:25:00,72.628,72.653,72.623,72.652,73719,0
2017-08-08,20:30:00,72.653,72.663,72.603,72.633,129120,0
2017-08-08,20:35:00,72.633,72.673,72.633,72.643,124897,0
2017-08-08,20:40:00,72.643,72.653,72.583,72.583,66523,0
2017-08-08,20:45:00,72.588,72.588,72.543,72.563,130732,0
2017-08-08,20:50:00,72.56,72.583,72.509,72.562,142859,0
2017-08-08,20:55:00,72.553,72.598,72.543,72.593,227705,0
2017-08-08,21:00:00,72.603,72.603,72.553,72.568,115894,0
2017-08-08,21:05:00,72.568,72.583,72.553,72.573,145845,0
2017-08-08,21:10:00,72.563,72.613,72.524,72.598,205258,0
2017-08-08,21:15:00,72.593,72.603,72.563,72.573,150022,0
2017-08-08,21:20:00,72.563,72.613,72.543,72.613,217211,0
2017-08-08,21:25:00,72.613,72.623,72.494,72.514,337289,0
2017-08-08,21:30:00,72.514,72.534,72.305,72.404,439018,0
2017-08-08,21:35:00,72.404,72.404,72.18,72.27,416535,0
2017-08-08,21:40:00,72.265,72.295,72.146,72.27,400718,0
2017-08-08,21:45:00,72.27,72.32,72.215,72.215,404761,0
2017-08-08,21:50:00,72.215,72.414,72.215,72.345,570039,0
2017-08-08,21:55:00,72.345,72.414,72.29,72.355,648431,0
2017-08-08,22:00:00,72.364,72.434,72.345,72.404,3352332,0
2017-08-09,15:35:00,71.867,71.967,71.758,71.922,777286,0
2017-08-09,15:40:00,71.922,71.986,71.827,71.917,407785,0
2017-08-09,15:45:00,71.917,72.006,71.688,71.768,448192,0
2017-08-09,15:50:00,71.778,71.847,71.728,71.817,287163,0
2017-08-09,15:55:00,71.817,71.832,71.668,71.788,386188,0
2017-08-09,16:00:00,71.788,71.967,71.788,71.892,1032689,0
2017-08-09,16:05:00,71.897,71.957,71.757,71.797,306421,0
2017-08-09,16:10:00,71.792,71.887,71.788,71.882,210723,0
2017-08-09,16:15:00,71.872,71.947,71.827,71.867,198589,0
2017-08-09,16:20:00,71.872,72.016,71.872,71.942,207084,0
2017-08-09,16:25:00,71.942,71.996,71.887,71.991,348310,0
2017-08-09,16:30:00,71.986,72.011,71.927,71.947,334774,0
2017-08-09,16:35:00,71.947,72.086,71.947,72.061,251831,0
2017-08-09,16:40:00,72.056,72.096,71.986,72.056,256824,0
2017-08-09,16:45:00,72.056,72.056,71.957,72.011,266128,0
2017-08-09,16:50:00,72.006,72.026,71.897,71.937,205017,0
2017-08-09,16:55:00,71.942,71.986,71.917,71.932,109408,0
2017-08-09,17:00:00,71.932,71.996,71.922,71.947,120910,0
2017-08-09,17:05:00,71.947,71.957,71.857,71.947,150402,0
2017-08-09,17:10:00,71.952,71.977,71.832,71.861,133946,0
2017-08-09,17:15:00,71.862,71.872,71.738,71.792,172378,0
2017-08-09,17:20:00,71.788,71.837,71.748,71.768,133450,0
2017-08-09,17:25:00,71.758,71.847,71.758,71.804,105859,0
2017-08-09,17:30:00,71.807,71.867,71.797,71.867,196237,0
2017-08-09,17:35:00,71.867,72.006,71.867,71.902,363290,0
2017-08-09,17:40:00,71.907,71.932,71.832,71.91,117901,0
2017-08-09,17:45:00,71.912,71.952,71.887,71.888,117758,0
2017-08-09,17:50:00,71.887,71.932,71.827,71.917,190363,0
2017-08-09,17:55:00,71.917,72.121,71.917,72.096,222713,0
2017-08-09,18:00:00,72.106,72.116,72.036,72.071,174843,0
2017-08-09,18:05:00,72.076,72.076,72.036,72.051,133269,0
2017-08-09,18:10:00,72.046,72.051,71.967,72.016,87950,0
2017-08-09,18:15:00,72.016,72.041,71.996,72.026,121789,0
2017-08-09,18:20:00,72.032,72.086,72.026,72.056,76322,0
2017-08-09,18:25:00,72.056,72.116,72.046,72.076,181591,0
2017-08-09,18:30:00,72.076,72.116,72.076,72.111,98775,0
2017-08-09,18:35:00,72.116,72.126,72.086,72.101,61892,0
2017-08-09,18:40:00,72.106,72.126,72.046,72.056,76280,0
2017-08-09,18:45:00,72.056,72.086,72.021,72.076,85485,0
2017-08-09,18:50:00,72.072,72.096,72.046,72.066,122889,0
2017-08-09,18:55:00,72.071,72.076,71.996,71.996,197347,0
2017-08-09,19:00:00,72.001,72.036,71.967,71.977,148313,0
2017-08-09,19:05:00,71.977,72.056,71.937,72.056,133787,0
2017-08-09,19:10:00,72.066,72.075,71.991,72.016,59296,0
2017-08-09,19:15:00,72.016,72.026,71.992,72.006,102515,0
2017-08-09,19:20:00,72.016,72.036,71.927,71.952,130311,0
2017-08-09,19:25:00,71.952,71.991,71.947,71.967,104532,0
2017-08-09,19:30:00,71.967,71.977,71.917,71.937,143976,0
2017-08-09,19:35:00,71.937,71.977,71.917,71.957,145048,0
2017-08-09,19:40:00,71.962,71.977,71.927,71.937,76815,0
2017-08-09,19:45:00,71.932,72.016,71.917,71.977,132020,0
2017-08-09,19:50:00,71.977,72.016,71.967,72.001,62305,0
2017-08-09,19:55:00,72.006,72.035,71.996,72.021,148691,0
2017-08-09,20:00:00,72.024,72.026,71.947,71.972,99654,0
2017-08-09,20:05:00,71.972,71.981,71.917,71.917,142018,0
2017-08-09,20:10:00,71.917,71.927,71.867,71.922,173138,0
2017-08-09,20:15:00,71.927,71.927,71.867,71.877,147393,0
2017-08-09,20:20:00,71.867,71.897,71.847,71.867,91816,0
2017-08-09,20:25:00,71.867,71.947,71.837,71.927,181350,0
2017-08-09,20:30:00,71.927,71.947,71.897,71.927,127553,0
2017-08-09,20:35:00,71.932,71.947,71.847,71.862,124721,0
2017-08-09,20:40:00,71.867,71.937,71.867,71.917,139054,0
2017-08-09,20:45:00,71.917,71.957,71.902,71.937,81936,0
2017-08-09,20:50:00,71.937,71.957,71.847,71.917,201345,0
2017-08-09,20:55:00,71.917,71.977,71.882,71.971,113181,0
2017-08-09,21:00:00,71.967,72.006,71.947,71.996,219767,0
2017-08-09,21:05:00,71.996,72.026,71.977,71.997,125318,0
2017-08-09,21:10:00,72.001,72.016,71.917,71.928,147998,0
2017-08-09,21:15:00,71.937,72.006,71.927,71.967,259726,0
2017-08-09,21:20:00,71.967,72.016,71.917,71.981,361635,0
2017-08-09,21:25:00,71.98,72.016,71.962,72.006,174600,0
2017-08-09,21:30:00,72.006,72.026,71.927,71.932,225927,0
2017-08-09,21:35:00,71.937,71.947,71.881,71.902,223666,0
2017-08-09,21:40:00,71.907,71.967,71.877,71.942,320535,0
2017-08-09,21:45:00,71.947,71.996,71.917,71.92,378016,0
2017-08-09,21:50:00,71.922,71.986,71.907,71.967,403039,0
2017-08-09,21:55:00,71.967,72.106,71.967,72.056,707861,0
2017-08-09,22:00:00,72.056,72.126,72.026,72.086,851991,0
2017-08-10,15:35:00,71.519,71.708,71.469,71.663,719851,0
2017-08-10,15:40:00,71.658,71.758,71.608,71.628,419835,0
2017-08-10,15:45:00,71.618,71.638,71.449,71.479,393769,0
2017-08-10,15:50:00,71.469,71.469,71.38,71.454,223871,0
2017-08-10,15:55:00,71.459,71.549,71.426,71.504,232047,0
2017-08-10,16:00:00,71.499,71.519,71.39,71.439,336413,0
2017-08-10,16:05:00,71.434,71.459,71.191,71.23,465230,0
2017-08-10,16:10:00,71.221,71.37,71.181,71.35,321342,0
2017-08-10,16:15:00,71.345,71.38,71.27,71.335,208217,0
2017-08-10,16:20:00,71.35,71.424,71.305,71.41,247649,0
2017-08-10,16:25:00,71.415,71.479,71.38,71.419,217632,0
2017-08-10,16:30:00,71.41,71.559,71.35,71.549,251324,0
2017-08-10,16:35:00,71.554,71.599,71.459,71.529,236224,0
2017-08-10,16:40:00,71.534,71.618,71.489,71.572,214552,0
2017-08-10,16:45:00,71.579,71.589,71.509,71.559,143631,0
2017-08-10,16:50:00,71.559,71.623,71.539,71.579,175654,0
2017-08-10,16:55:00,71.574,71.643,71.569,71.599,175404,0
2017-08-10,17:00:00,71.594,71.718,71.589,71.668,148542,0
2017-08-10,17:05:00,71.668,71.698,71.628,71.648,172087,0
2017-08-10,17:10:00,71.643,71.768,71.628,71.748,121252,0
2017-08-10,17:15:00,71.738,71.778,71.728,71.753,98627,0
2017-08-10,17:20:00,71.738,71.748,71.658,71.698,121569,0
2017-08-10,17:25:00,71.698,71.703,71.608,71.623,125271,0
2017-08-10,17:30:00,71.623,71.668,71.599,71.664,145572,0
2017-08-10,17:35:00,71.663,71.733,71.658,71.663,155580,0
2017-08-10,17:40:00,71.668,71.718,71.599,71.618,140771,0
2017-08-10,17:45:00,71.628,71.638,71.529,71.529,153811,0
2017-08-10,17:50:00,71.539,71.539,71.41,71.419,192763,0
2017-08-10,17:55:00,71.419,71.439,71.35,71.37,215984,0
2017-08-10,18:00:00,71.36,71.434,71.36,71.419,196918,0
2017-08-10,18:05:00,71.415,71.429,71.34,71.39,281153,0
2017-08-10,18:10:00,71.38,71.549,71.32,71.509,245306,0
2017-08-10,18:15:00,71.519,71.539,71.459,71.468,116486,0
2017-08-10,18:20:00,71.464,71.509,71.38,71.429,158532,0
2017-08-10,18:25:00,71.439,71.449,71.37,71.419,180157,0
2017-08-10,18:30:00,71.419,71.449,71.36,71.39,117209,0
2017-08-10,18:35:00,71.39,71.41,71.24,71.27,203884,0
2017-08-10,18:40:00,71.275,71.33,71.226,71.285,214941,0
2017-08-10,18:45:00,71.28,71.36,71.264,71.33,146861,0
2017-08-10,18:50:00,71.33,71.469,71.33,71.429,166719,0
2017-08-10,18:55:00,71.42,71.499,71.33,71.479,199833,0
2017-08-10,19:00:00,71.484,71.519,71.449,71.474,145915,0
2017-08-10,19:05:00,71.469,71.579,71.469,71.579,143729,0
2017-08-10,19:10:00,71.579,71.584,71.489,71.554,128113,0
2017-08-10,19:15:00,71.549,71.584,71.499,71.519,101396,0
2017-08-10,19:20:00,71.519,71.569,71.459,71.519,121877,0
2017-08-10,19:25:00,71.519,71.618,71.504,71.569,204360,0
2017-08-10,19:30:00,71.569,71.599,71.524,71.569,105364,0
2017-08-10,19:35:00,71.574,71.623,71.549,71.599,174643,0
2017-08-10,19:40:00,71.599,71.599,71.519,71.554,116574,0
2017-08-10,19:45:00,71.554,71.569,71.459,71.479,204736,0
2017-08-10,19:50:00,71.479,71.529,71.459,71.509,97562,0
2017-08-10,19:55:00,71.499,71.549,71.464,71.474,108681,0
2017-08-10,20:00:00,71.479,71.549,71.429,71.524,144282,0
2017-08-10,20:05:00,71.529,71.539,71.454,71.519,119036,0
2017-08-10,20:10:00,71.514,71.539,71.439,71.484,140518,0
2017-08-10,20:15:00,71.479,71.608,71.479,71.569,173682,0
2017-08-10,20:20:00,71.564,71.658,71.549,71.658,182028,0
2017-08-10,20:25:00,71.648,71.688,71.608,71.656,215957,0
2017-08-10,20:30:00,71.648,71.668,71.599,71.658,121666,0
2017-08-10,20:35:00,71.658,71.807,71.643,71.728,170055,0
2017-08-10,20:40:00,71.738,71.743,71.629,71.668,185049,0
2017-08-10,20:45:00,71.668,71.678,71.589,71.613,174557,0
2017-08-10,20:50:00,71.608,71.668,71.539,71.658,175254,0
2017-08-10,20:55:00,71.654,71.678,71.594,71.618,176727,0
2017-08-10,21:00:00,71.618,71.648,71.559,71.589,203233,0
2017-08-10,21:05:00,71.589,71.658,71.569,71.589,191957,0
2017-08-10,21:10:00,71.584,71.599,71.534,71.549,190423,0
2017-08-10,21:15:00,71.549,71.559,71.419,71.424,232287,0
2017-08-10,21:20:00,71.429,71.434,71.31,71.4,376352,0
2017-08-10,21:25:00,71.405,71.415,71.26,71.355,364875,0
2017-08-10,21:30:00,71.354,71.385,71.24,71.325,341458,0
2017-08-10,21:35:00,71.33,71.36,71.151,71.181,548329,0
2017-08-10,21:40:00,71.186,71.226,71.061,71.081,604045,0
2017-08-10,21:45:00,71.071,71.181,71.061,71.116,389694,0
2017-08-10,21:50:00,71.111,71.171,71.061,71.081,744394,0
2017-08-10,21:55:00,71.081,71.151,70.972,71.131,895364,0
2017-08-10,22:00:00,71.131,71.151,70.992,71.032,3744702,0
2017-08-11,15:35:00,71.23,71.459,71.111,71.29,908517,0
2017-08-11,15:40:00,71.3,71.429,71.061,71.076,384769,0
2017-08-11,15:45:00,71.071,71.111,71.012,71.081,295149,0
2017-08-11,15:50:00,71.061,71.111,70.902,71.007,417951,0
2017-08-11,15:55:00,71.002,71.25,71.002,71.221,341870,0
2017-08-11,16:00:00,71.221,71.355,71.181,71.334,363780,0
2017-08-11,16:05:00,71.33,71.35,71.23,71.28,263038,0
2017-08-11,16:10:00,71.29,71.469,71.28,71.41,296558,0
2017-08-11,16:15:00,71.41,71.519,71.33,71.345,173058,0
2017-08-11,16:20:00,71.35,71.419,71.33,71.375,145658,0
2017-08-11,16:25:00,71.38,71.429,71.34,71.38,165789,0
2017-08-11,16:30:00,71.38,71.395,71.29,71.37,170973,0
2017-08-11,16:35:00,71.37,71.459,71.345,71.449,159514,0
2017-08-11,16:40:00,71.449,71.489,71.39,71.479,175990,0
2017-08-11,16:45:00,71.479,71.533,71.464,71.519,135871,0
2017-08-11,16:50:00,71.514,71.618,71.509,71.579,169054,0
2017-08-11,16:55:00,71.579,71.589,71.449,71.519,126030,0
2017-08-11,17:00:00,71.519,71.559,71.499,71.539,125903,0
2017-08-11,17:05:00,71.539,71.545,71.419,71.439,185707,0
2017-08-11,17:10:00,71.434,71.519,71.429,71.459,125094,0
2017-08-11,17:15:00,71.461,71.549,71.46,71.549,72332,0
2017-08-11,17:20:00,71.549,71.648,71.499,71.509,220813,0
2017-08-11,17:25:00,71.499,71.539,71.429,71.529,258296,0
2017-08-11,17:30:00,71.519,71.549,71.429,71.459,190452,0
2017-08-11,17:35:00,71.464,71.589,71.454,71.559,120272,0
2017-08-11,17:40:00,71.564,71.688,71.559,71.668,286523,0
2017-08-11,17:45:00,71.678,71.763,71.618,71.741,160851,0
2017-08-11,17:50:00,71.738,71.758,71.648,71.658,166830,0
2017-08-11,17:55:00,71.648,71.698,71.628,71.628,155088,0
2017-08-11,18:00:00,71.638,71.663,71.579,71.658,156507,0
2017-08-11,18:05:00,71.658,71.768,71.618,71.763,272759,0
2017-08-11,18:10:00,71.758,71.877,71.748,71.847,233218,0
2017-08-11,18:15:00,71.847,71.887,71.827,71.847,100803,0
2017-08-11,18:20:00,71.842,71.927,71.837,71.922,123496,0
2017-08-11,18:25:00,71.922,71.977,71.887,71.887,168819,0
2017-08-11,18:30:00,71.887,71.907,71.807,71.822,150014,0
2017-08-11,18:35:00,71.822,71.877,71.807,71.867,93795,0
2017-08-11,18:40:00,71.857,71.897,71.857,71.897,137121,0
2017-08-11,18:45:00,71.897,72.016,71.897,72.006,384115,0
2017-08-11,18:50:00,72.016,72.056,71.986,72.036,202679,0
2017-08-11,18:55:00,72.031,72.036,71.997,72.006,171526,0
2017-08-11,19:00:00,72.006,72.036,71.977,72.021,107944,0
2017-08-11,19:05:00,72.016,72.116,72.006,72.086,135115,0
2017-08-11,19:10:00,72.086,72.136,72.066,72.106,184573,0
2017-08-11,19:15:00,72.116,72.126,72.026,72.026,133589,0
2017-08-11,19:20:00,72.032,72.046,71.986,72.016,168643,0
2017-08-11,19:25:00,72.016,72.056,71.991,72.026,216337,0
2017-08-11,19:30:00,72.026,72.096,72.026,72.036,140242,0
2017-08-11,19:35:00,72.031,72.091,72.031,72.064,96678,0
2017-08-11,19:40:00,72.061,72.086,72.036,72.081,131839,0
2017-08-11,19:45:00,72.086,72.126,72.066,72.126,155788,0
2017-08-11,19:50:00,72.122,72.156,72.106,72.146,242048,0
2017-08-11,19:55:00,72.136,72.166,72.136,72.161,173882,0
2017-08-11,20:00:00,72.166,72.185,72.136,72.17,135971,0
2017-08-11,20:05:00,72.17,72.195,72.161,72.185,137697,0
2017-08-11,20:10:00,72.182,72.185,72.136,72.175,127270,0
2017-08-11,20:15:00,72.166,72.265,72.166,72.255,176909,0
2017-08-11,20:20:00,72.255,72.295,72.215,72.265,305322,0
2017-08-11,20:25:00,72.265,72.285,72.215,72.24,138866,0
2017-08-11,20:30:00,72.24,72.305,72.24,72.285,209061,0
2017-08-11,20:35:00,72.285,72.315,72.166,72.195,349502,0
2017-08-11,20:40:00,72.19,72.19,72.086,72.126,220646,0
2017-08-11,20:45:00,72.131,72.225,72.131,72.175,152432,0
2017-08-11,20:50:00,72.166,72.245,72.166,72.2,194022,0
2017-08-11,20:55:00,72.202,72.235,72.086,72.096,191884,0
2017-08-11,21:00:00,72.096,72.126,72.046,72.076,254012,0
2017-08-11,21:05:00,72.076,72.166,72.046,72.091,232864,0
2017-08-11,21:10:00,72.096,72.126,72.051,72.072,127825,0
2017-08-11,21:15:00,72.076,72.136,72.076,72.096,264588,0
2017-08-11,21:20:00,72.096,72.116,72.016,72.036,326920,0
2017-08-11,21:25:00,72.036,72.136,72.036,72.131,262906,0
2017-08-11,21:30:00,72.136,72.215,72.126,72.156,264398,0
2017-08-11,21:35:00,72.156,72.185,72.061,72.096,289941,0
2017-08-11,21:40:00,72.091,72.22,72.056,72.205,367906,0
2017-08-11,21:45:00,72.201,72.205,72.141,72.146,252090,0
2017-08-11,21:50:00,72.146,72.295,72.136,72.285,543277,0
2017-08-11,21:55:00,72.275,72.28,72.146,72.195,641202,0
2017-08-11,22:00:00,72.195,72.205,72.066,72.116,2759098,0
2017-08-14,15:35:00,72.673,72.902,72.563,72.842,844956,0
2017-08-14,15:40:00,72.832,73.15,72.742,73.106,766129,0
2017-08-14,15:45:00,73.106,73.15,72.981,73.028,469959,0
2017-08-14,15:50:00,73.031,73.071,72.902,72.902,317642,0
2017-08-14,15:55:00,72.912,72.951,72.843,72.882,240068,0
2017-08-14,16:00:00,72.882,72.961,72.862,72.931,152364,0
2017-08-14,16:05:00,72.931,73.091,72.931,73.081,359766,0
2017-08-14,16:10:00,73.081,73.15,73.041,73.061,248217,0
2017-08-14,16:15:00,73.061,73.066,72.951,72.981,201865,0
2017-08-14,16:20:00,72.981,73.091,72.976,73.051,149983,0
2017-08-14,16:25:00,73.041,73.071,73.016,73.071,107929,0
2017-08-14,16:30:00,73.071,73.081,73.041,73.055,193578,0
2017-08-14,16:35:00,73.051,73.071,73.026,73.046,147580,0
2017-08-14,16:40:00,73.046,73.19,73.021,73.185,274278,0
2017-08-14,16:45:00,73.185,73.25,73.16,73.239,203386,0
2017-08-14,16:50:00,73.24,73.28,73.215,73.225,200078,0
2017-08-14,16:55:00,73.23,73.27,73.19,73.2,173345,0
2017-08-14,17:00:00,73.2,73.21,73.14,73.145,128809,0
2017-08-14,17:05:00,73.14,73.21,73.13,73.17,125706,0
2017-08-14,17:10:00,73.167,73.19,73.14,73.14,119613,0
2017-08-14,17:15:00,73.15,73.22,73.13,73.22,123573,0
2017-08-14,17:20:00,73.214,73.22,73.101,73.155,165860,0
2017-08-14,17:25:00,73.15,73.155,73.106,73.14,138538,0
2017-08-14,17:30:00,73.14,73.18,73.12,73.165,111331,0
2017-08-14,17:35:00,73.17,73.205,73.16,73.16,116119,0
2017-08-14,17:40:00,73.16,73.19,73.13,73.175,190735,0
2017-08-14,17:45:00,73.18,73.21,73.14,73.14,103928,0
2017-08-14,17:50:00,73.15,73.18,73.106,73.11,156813,0
2017-08-14,17:55:00,73.106,73.13,73.081,73.11,136411,0
2017-08-14,18:00:00,73.101,73.12,73.091,73.11,84616,0
2017-08-14,18:05:00,73.11,73.18,73.091,73.17,106456,0
2017-08-14,18:10:00,73.17,73.19,73.123,73.123,90719,0
2017-08-14,18:15:00,73.13,73.18,73.12,73.175,120225,0
2017-08-14,18:20:00,73.175,73.21,73.16,73.19,106590,0
2017-08-14,18:25:00,73.185,73.19,73.14,73.18,68779,0
2017-08-14,18:30:00,73.173,73.18,73.13,73.145,101057,0
2017-08-14,18:35:00,73.14,73.15,73.115,73.135,133301,0
2017-08-14,18:40:00,73.13,73.145,73.101,73.13,77676,0
2017-08-14,18:45:00,73.13,73.16,73.11,73.155,56574,0
2017-08-14,18:50:00,73.15,73.19,73.14,73.19,136562,0
2017-08-14,18:55:00,73.185,73.195,73.164,73.175,81872,0
2017-08-14,19:00:00,73.18,73.185,73.15,73.171,114358,0
2017-08-14,19:05:00,73.18,73.25,73.18,73.21,121426,0
2017-08-14,19:10:00,73.2,73.306,73.2,73.299,136865,0
2017-08-14,19:15:00,73.304,73.309,73.29,73.299,54665,0
2017-08-14,19:20:00,73.29,73.309,73.21,73.21,99617,0
2017-08-14,19:25:00,73.22,73.22,73.18,73.21,104187,0
2017-08-14,19:30:00,73.215,73.25,73.21,73.23,75855,0
2017-08-14,19:35:00,73.23,73.235,73.2,73.205,89039,0
2017-08-14,19:40:00,73.21,73.21,73.17,73.205,132085,0
2017-08-14,19:45:00,73.2,73.255,73.19,73.22,120285,0
2017-08-14,19:50:00,73.22,73.24,73.19,73.19,104091,0
2017-08-14,19:55:00,73.2,73.24,73.195,73.24,86491,0
2017-08-14,20:00:00,73.245,73.28,73.22,73.24,215678,0
2017-08-14,20:05:00,73.235,73.28,73.22,73.22,154983,0
2017-08-14,20:10:00,73.225,73.329,73.215,73.314,183160,0
2017-08-14,20:15:00,73.319,73.329,73.299,73.299,109263,0
2017-08-14,20:20:00,73.299,73.299,73.19,73.21,163874,0
2017-08-14,20:25:00,73.22,73.27,73.202,73.235,125666,0
2017-08-14,20:30:00,73.24,73.25,73.21,73.215,83528,0
2017-08-14,20:35:00,73.21,73.26,73.21,73.255,156726,0
2017-08-14,20:40:00,73.255,73.275,73.22,73.26,179446,0
2017-08-14,20:45:00,73.26,73.26,73.22,73.225,72877,0
2017-08-14,20:50:00,73.23,73.24,73.16,73.165,157377,0
2017-08-14,20:55:00,73.165,73.185,73.135,73.165,247373,0
2017-08-14,21:00:00,73.165,73.215,73.16,73.2,188692,0
2017-08-14,21:05:00,73.21,73.22,73.12,73.13,135969,0
2017-08-14,21:10:00,73.135,73.16,73.086,73.125,155152,0
2017-08-14,21:15:00,73.124,73.13,73.081,73.11,132544,0
2017-08-14,21:20:00,73.115,73.16,73.081,73.13,143710,0
2017-08-14,21:25:00,73.125,73.16,73.11,73.15,146068,0
2017-08-14,21:30:00,73.155,73.2,73.14,73.185,160017,0
2017-08-14,21:35:00,73.185,73.22,73.17,73.19,254990,0
2017-08-14,21:40:00,73.185,73.19,73.115,73.14,206990,0
2017-08-14,21:45:00,73.14,73.19,73.11,73.145,302498,0
2017-08-14,21:50:00,73.14,73.15,73.101,73.12,331804,0
2017-08-14,21:55:00,73.12,73.309,73.12,73.24,741815,0
2017-08-14,22:00:00,73.25,73.329,73.18,73.2,3793880,0
2017-08-15,15:35:00,73.59,73.59,73.28,73.46,589267,0
2017-08-15,15:40:00,73.46,73.48,73.34,73.35,295367,0
2017-08-15,15:45:00,73.34,73.36,73.2,73.235,283821,0
2017-08-15,15:50:00,73.23,73.25,73.1034,73.15,281194,0
2017-08-15,15:55:00,73.15,73.28,73.15,73.27,138108,0
2017-08-15,16:00:00,73.27,73.34,73.25,73.33,199438,0
2017-08-15,16:05:00,73.32,73.4,73.23,73.24,179916,0
2017-08-15,16:10:00,73.25,73.25,73.15,73.18,135746,0
2017-08-15,16:15:00,73.175,73.23,73.12,73.2,263005,0
2017-08-15,16:20:00,73.21,73.23,73.125,73.14,215365,0
2017-08-15,16:25:00,73.1499,73.1499,73.04,73.11,256967,0
2017-08-15,16:30:00,73.105,73.26,73.1,73.24,118227,0
2017-08-15,16:35:00,73.25,73.25,73.11,73.15,136901,0
2017-08-15,16:40:00,73.1404,73.25,73.1,73.23,148038,0
2017-08-15,16:45:00,73.24,73.2865,73.229,73.28,118583,0
2017-08-15,16:50:00,73.275,73.29,73.24,73.25,82663,0
2017-08-15,16:55:00,73.245,73.32,73.23,73.265,105953,0
2017-08-15,17:00:00,73.27,73.28,73.23,73.23,85777,0
2017-08-15,17:05:00,73.23,73.3,73.18,73.18,135165,0
2017-08-15,17:10:00,73.1861,73.2199,73.165,73.205,177793,0
2017-08-15,17:15:00,73.21,73.25,73.2,73.245,86193,0
2017-08-15,17:20:00,73.2443,73.25,73.23,73.245,58000,0
2017-08-15,17:25:00,73.245,73.3,73.24,73.29,148699,0
2017-08-15,17:30:00,73.29,73.325,73.26,73.32,133069,0
2017-08-15,17:35:00,73.32,73.35,73.3,73.33,113440,0
2017-08-15,17:40:00,73.34,73.37,73.3,73.3052,86578,0
2017-08-15,17:45:00,73.31,73.34,73.291,73.305,118175,0
2017-08-15,17:50:00,73.29,73.3,73.2,73.22,144185,0
2017-08-15,17:55:00,73.22,73.225,73.13,73.13,208762,0
2017-08-15,18:00:00,73.13,73.14,73.07,73.085,123146,0
2017-08-15,18:05:00,73.091,73.17,73.075,73.14,114265,0
2017-08-15,18:10:00,73.14,73.155,73.12,73.14,119786,0
2017-08-15,18:15:00,73.145,73.17,73.13,73.16,87968,0
2017-08-15,18:20:00,73.16,73.19,73.1533,73.165,76308,0
2017-08-15,18:25:00,73.169,73.19,73.16,73.18,55875,0
2017-08-15,18:30:00,73.18,73.19,73.16,73.1787,58266,0
2017-08-15,18:35:00,73.175,73.18,73.15,73.18,93515,0
2017-08-15,18:40:00,73.18,73.22,73.18,73.205,79212,0
2017-08-15,18:45:00,73.2,73.22,73.19,73.2,51769,0
2017-08-15,18:50:00,73.205,73.275,73.2,73.26,71372,0
2017-08-15,18:55:00,73.26,73.26,73.225,73.23,102263,0
2017-08-15,19:00:00,73.22,73.235,73.18,73.19,74861,0
2017-08-15,19:05:00,73.2,73.2,73.04,73.07,167687,0
2017-08-15,19:10:00,73.07,73.1237,73.05,73.11,90625,0
2017-08-15,19:15:00,73.12,73.14,73.07,73.1,58327,0
2017-08-15,19:20:00,73.11,73.11,73.06,73.11,58847,0
2017-08-15,19:25:00,73.1,73.1499,73.095,73.135,71394,0
2017-08-15,19:30:00,73.14,73.15,73.0937,73.12,99940,0
2017-08-15,19:35:00,73.11,73.13,73.09,73.0944,59009,0
2017-08-15,19:40:00,73.1,73.11,73.07,73.1,88377,0
2017-08-15,19:45:00,73.095,73.1199,73.05,73.0856,126309,0
2017-08-15,19:50:00,73.0801,73.11,73.05,73.1001,113309,0
2017-08-15,19:55:00,73.1043,73.14,73.1,73.125,66788,0
2017-08-15,20:00:00,73.125,73.14,73.1,73.13,108402,0
2017-08-15,20:05:00,73.12,73.17,73.12,73.15,78155,0
2017-08-15,20:10:00,73.14,73.17,73.115,73.17,76204,0
2017-08-15,20:15:00,73.175,73.195,73.14,73.1452,95587,0
2017-08-15,20:20:00,73.145,73.159,73.11,73.14,75455,0
2017-08-15,20:25:00,73.15,73.16,73.1131,73.145,68795,0
2017-08-15,20:30:00,73.15,73.21,73.1445,73.2,94008,0
2017-08-15,20:35:00,73.2,73.23,73.1816,73.2076,60766,0
2017-08-15,20:40:00,73.21,73.23,73.2033,73.22,62922,0
2017-08-15,20:45:00,73.22,73.24,73.19,73.2,79397,0
2017-08-15,20:50:00,73.2009,73.22,73.17,73.19,83586,0
2017-08-15,20:55:00,73.19,73.2,73.15,73.16,82676,0
2017-08-15,21:00:00,73.17,73.2,73.15,73.18,62023,0
2017-08-15,21:05:00,73.19,73.23,73.185,73.22,60800,0
2017-08-15,21:10:00,73.215,73.27,73.19,73.26,160003,0
2017-08-15,21:15:00,73.27,73.305,73.245,73.305,140070,0
2017-08-15,21:20:00,73.3,73.32,73.28,73.2999,111062,0
2017-08-15,21:25:00,73.3,73.32,73.28,73.32,125245,0
2017-08-15,21:30:00,73.32,73.33,73.285,73.29,152368,0
2017-08-15,21:35:00,73.295,73.31,73.2715,73.31,179908,0
2017-08-15,21:40:00,73.305,73.35,73.29,73.35,125265,0
2017-08-15,21:45:00,73.35,73.38,73.34,73.37,207723,0
2017-08-15,21:50:00,73.3653,73.41,73.3404,73.37,328121,0
2017-08-15,21:55:00,73.37,73.37,73.22,73.235,416351,0
2017-08-15,22:00:00,73.23,73.2657,73.2,73.22,3438191,0
2017-08-16,15:35:00,73.34,73.48,73.26,73.42,642777,0
2017-08-16,15:40:00,73.42,73.49,73.31,73.33,301484,0
2017-08-16,15:45:00,73.33,73.33,73.23,73.2805,228375,0
2017-08-16,15:50:00,73.285,73.3,73.18,73.203,172561,0
2017-08-16,15:55:00,73.2,73.295,73.17,73.295,240944,0
2017-08-16,16:00:00,73.3,73.44,73.26,73.44,227090,0
2017-08-16,16:05:00,73.4325,73.47,73.39,73.395,221269,0
2017-08-16,16:10:00,73.4,73.45,73.35,73.36,190292,0
2017-08-16,16:15:00,73.35,73.425,73.32,73.4,154317,0
2017-08-16,16:20:00,73.41,73.44,73.37,73.41,152688,0
2017-08-16,16:25:00,73.4,73.4487,73.39,73.395,146934,0
2017-08-16,16:30:00,73.3955,73.45,73.37,73.445,138639,0
2017-08-16,16:35:00,73.45,73.475,73.42,73.46,164746,0
2017-08-16,16:40:00,73.46,73.535,73.45,73.51,185804,0
2017-08-16,16:45:00,73.51,73.525,73.48,73.5,141334,0
2017-08-16,16:50:00,73.501,73.59,73.49,73.57,213996,0
2017-08-16,16:55:00,73.5692,73.64,73.55,73.615,237376,0
2017-08-16,17:00:00,73.61,73.625,73.55,73.615,241243,0
2017-08-16,17:05:00,73.61,73.67,73.59,73.62,191565,0
2017-08-16,17:10:00,73.62,73.66,73.58,73.595,129028,0
2017-08-16,17:15:00,73.59,73.65,73.59,73.635,117825,0
2017-08-16,17:20:00,73.64,73.67,73.63,73.65,150920,0
2017-08-16,17:25:00,73.6455,73.66,73.56,73.59,264414,0
2017-08-16,17:30:00,73.595,73.5999,73.5184,73.53,130029,0
2017-08-16,17:35:00,73.53,73.59,73.53,73.545,114984,0
2017-08-16,17:40:00,73.5429,73.59,73.5429,73.585,66821,0
2017-08-16,17:45:00,73.59,73.66,73.57,73.645,138494,0
2017-08-16,17:50:00,73.6433,73.699,73.64,73.69,84168,0
2017-08-16,17:55:00,73.68,73.6942,73.64,73.67,97972,0
2017-08-16,18:00:00,73.67,73.69,73.66,73.69,69580,0
2017-08-16,18:05:00,73.69,73.74,73.6835,73.73,135461,0
2017-08-16,18:10:00,73.73,73.75,73.675,73.71,118558,0
2017-08-16,18:15:00,73.71,73.8,73.71,73.795,166672,0
2017-08-16,18:20:00,73.795,73.91,73.78,73.86,203365,0
2017-08-16,18:25:00,73.865,73.89,73.8499,73.89,99891,0
2017-08-16,18:30:00,73.885,73.97,73.88,73.97,180147,0
2017-08-16,18:35:00,73.98,74.09,73.97,74.065,642127,0
2017-08-16,18:40:00,74.0699,74.1,74.05,74.06,278366,0
2017-08-16,18:45:00,74.065,74.09,74.03,74.035,90315,0
2017-08-16,18:50:00,74.04,74.05,73.985,74.01,179754,0
2017-08-16,18:55:00,74.005,74.01,73.91,73.95,183583,0
2017-08-16,19:00:00,73.95,73.95,73.82,73.83,205893,0
2017-08-16,19:05:00,73.82,73.85,73.7834,73.83,180035,0
2017-08-16,19:10:00,73.82,73.85,73.8,73.8034,109043,0
2017-08-16,19:15:00,73.805,73.81,73.57,73.575,365040,0
2017-08-16,19:20:00,73.585,73.6536,73.51,73.63,184229,0
2017-08-16,19:25:00,73.62,73.6375,73.55,73.58,97321,0
2017-08-16,19:30:00,73.58,73.6,73.46,73.55,183181,0
2017-08-16,19:35:00,73.54,73.595,73.46,73.55,152073,0
2017-08-16,19:40:00,73.555,73.6669,73.555,73.66,197846,0
2017-08-16,19:45:00,73.66,73.66,73.55,73.57,92905,0
2017-08-16,19:50:00,73.57,73.61,73.54,73.56,84525,0
2017-08-16,19:55:00,73.57,73.58,73.51,73.55,127984,0
2017-08-16,20:00:00,73.545,73.63,73.525,73.54,97639,0
2017-08-16,20:05:00,73.55,73.69,73.42,73.64,193013,0
2017-08-16,20:10:00,73.645,73.71,73.6,73.66,306081,0
2017-08-16,20:15:00,73.659,73.7,73.59,73.62,129352,0
2017-08-16,20:20:00,73.6266,73.6831,73.56,73.58,195583,0
2017-08-16,20:25:00,73.57,73.575,73.42,73.49,319078,0
2017-08-16,20:30:00,73.5,73.59,73.46,73.5854,214630,0
2017-08-16,20:35:00,73.59,73.63,73.515,73.6035,267732,0
2017-08-16,20:40:00,73.6,73.7,73.59,73.69,173222,0
2017-08-16,20:45:00,73.68,73.69,73.62,73.68,129842,0
2017-08-16,20:50:00,73.67,73.72,73.63,73.72,97023,0
2017-08-16,20:55:00,73.72,73.76,73.685,73.76,84417,0
2017-08-16,21:00:00,73.76,73.81,73.755,73.775,195984,0
2017-08-16,21:05:00,73.78,73.8,73.72,73.73,185715,0
2017-08-16,21:10:00,73.73,73.73,73.66,73.675,144904,0
2017-08-16,21:15:00,73.67,73.67,73.62,73.63,192045,0
2017-08-16,21:20:00,73.635,73.66,73.59,73.59,143894,0
2017-08-16,21:25:00,73.5901,73.67,73.5901,73.63,244309,0
2017-08-16,21:30:00,73.6235,73.63,73.585,73.62,142380,0
2017-08-16,21:35:00,73.625,73.66,73.59,73.63,201548,0
2017-08-16,21:40:00,73.63,73.65,73.6,73.65,162443,0
2017-08-16,21:45:00,73.645,73.68,73.62,73.65,147123,0
2017-08-16,21:50:00,73.65,73.655,73.595,73.6,219317,0
2017-08-16,21:55:00,73.6,73.645,73.58,73.64,327175,0
2017-08-16,22:00:00,73.64,73.66,73.54,73.65,2441503,0
2017-08-17,15:35:00,73.58,73.73,73.48,73.66,485500,0
2017-08-17,15:40:00,73.67,73.76,73.6,73.66,305261,0
2017-08-17,15:45:00,73.66,73.79,73.6544,73.79,169787,0
2017-08-17,15:50:00,73.795,73.85,73.79,73.84,222718,0
2017-08-17,15:55:00,73.8344,73.87,73.79,73.82,153071,0
2017-08-17,16:00:00,73.825,73.86,73.73,73.79,432421,0
2017-08-17,16:05:00,73.78,73.79,73.4831,73.55,503802,0
2017-08-17,16:10:00,73.56,73.63,73.52,73.58,223491,0
2017-08-17,16:15:00,73.5701,73.61,73.37,73.4199,437476,0
2017-08-17,16:20:00,73.41,73.4199,73.24,73.31,321013,0
2017-08-17,16:25:00,73.31,73.34,73.2,73.25,278688,0
2017-08-17,16:30:00,73.26,73.32,73.12,73.26,383384,0
2017-08-17,16:35:00,73.26,73.36,73.23,73.29,258874,0
2017-08-17,16:40:00,73.29,73.36,73.18,73.19,289201,0
2017-08-17,16:45:00,73.17,73.21,73.11,73.165,324290,0
2017-08-17,16:50:00,73.16,73.24,73.15,73.185,126799,0
2017-08-17,16:55:00,73.19,73.19,73.095,73.175,173589,0
2017-08-17,17:00:00,73.175,73.23,73.09,73.1,234999,0
2017-08-17,17:05:00,73.11,73.18,73.09,73.12,197793,0
2017-08-17,17:10:00,73.13,73.32,73.125,73.285,271873,0
2017-08-17,17:15:00,73.285,73.32,73.2299,73.25,171031,0
2017-08-17,17:20:00,73.25,73.295,73.185,73.27,140901,0
2017-08-17,17:25:00,73.27,73.305,73.25,73.26,148431,0
2017-08-17,17:30:00,73.27,73.33,73.19,73.2,119389,0
2017-08-17,17:35:00,73.21,73.25,73.16,73.2,129617,0
2017-08-17,17:40:00,73.21,73.26,73.2,73.24,86864,0
2017-08-17,17:45:00,73.2299,73.26,73.2031,73.255,105013,0
2017-08-17,17:50:00,73.25,73.28,73.11,73.12,131300,0
2017-08-17,17:55:00,73.1244,73.17,73.1184,73.17,76189,0
2017-08-17,18:00:00,73.17,73.185,73.11,73.1433,84585,0
2017-08-17,18:05:00,73.145,73.22,73.115,73.2,60125,0
2017-08-17,18:10:00,73.2,73.21,73.08,73.08,140647,0
2017-08-17,18:15:00,73.08,73.08,72.9023,72.985,300967,0
2017-08-17,18:20:00,72.98,73.03,72.94,73.01,584227,0
2017-08-17,18:25:00,73.005,73.03,72.96,73,107619,0
2017-08-17,18:30:00,73,73.005,72.875,72.92,156138,0
2017-08-17,18:35:00,72.92,72.9256,72.83,72.885,192372,0
2017-08-17,18:40:00,72.87,72.93,72.8,72.92,125421,0
2017-08-17,18:45:00,72.92,72.935,72.87,72.88,95969,0
2017-08-17,18:50:00,72.87,72.94,72.86,72.9,84824,0
2017-08-17,18:55:00,72.9,72.9,72.76,72.81,174608,0
2017-08-17,19:00:00,72.82,72.83,72.68,72.74,194702,0
2017-08-17,19:05:00,72.74,72.775,72.605,72.62,145201,0
2017-08-17,19:10:00,72.63,72.7,72.61,72.65,216249,0
2017-08-17,19:15:00,72.65,72.685,72.561,72.58,150074,0
2017-08-17,19:20:00,72.57,72.73,72.55,72.7,138994,0
2017-08-17,19:25:00,72.71,72.76,72.6897,72.745,155309,0
2017-08-17,19:30:00,72.745,72.82,72.74,72.805,203729,0
2017-08-17,19:35:00,72.81,72.89,72.78,72.87,207447,0
2017-08-17,19:40:00,72.86,73,72.85,72.9,429092,0
2017-08-17,19:45:00,72.905,72.94,72.875,72.905,150693,0
2017-08-17,19:50:00,72.91,72.92,72.79,72.79,190451,0
2017-08-17,19:55:00,72.79,72.85,72.7734,72.8456,164443,0
2017-08-17,20:00:00,72.84,72.915,72.82,72.9,120571,0
2017-08-17,20:05:00,72.905,72.93,72.8,72.83,140884,0
2017-08-17,20:10:00,72.83,72.88,72.81,72.87,95463,0
2017-08-17,20:15:00,72.87,72.91,72.84,72.875,107910,0
2017-08-17,20:20:00,72.87,72.87,72.67,72.71,244637,0
2017-08-17,20:25:00,72.71,72.74,72.63,72.72,184680,0
2017-08-17,20:30:00,72.73,72.82,72.73,72.82,104242,0
2017-08-17,20:35:00,72.81,72.855,72.75,72.8,110205,0
2017-08-17,20:40:00,72.81,72.86,72.78,72.79,115072,0
2017-08-17,20:45:00,72.785,72.785,72.7,72.7,98299,0
2017-08-17,20:50:00,72.7099,72.79,72.67,72.75,164043,0
2017-08-17,20:55:00,72.755,72.79,72.65,72.74,158917,0
2017-08-17,21:00:00,72.74,72.74,72.69,72.7162,105585,0
2017-08-17,21:05:00,72.72,72.73,72.57,72.66,269236,0
2017-08-17,21:10:00,72.65,72.68,72.59,72.64,144945,0
2017-08-17,21:15:00,72.64,72.68,72.61,72.615,158409,0
2017-08-17,21:20:00,72.61,72.62,72.51,72.54,196922,0
2017-08-17,21:25:00,72.54,72.635,72.53,72.5589,225828,0
2017-08-17,21:30:00,72.5563,72.62,72.55,72.58,167348,0
2017-08-17,21:35:00,72.57,72.71,72.54,72.6701,308404,0
2017-08-17,21:40:00,72.675,72.69,72.59,72.63,279849,0
2017-08-17,21:45:00,72.63,72.65,72.54,72.58,300939,0
2017-08-17,21:50:00,72.57,72.61,72.52,72.565,515898,0
2017-08-17,21:55:00,72.56,72.565,72.41,72.54,780557,0
2017-08-17,22:00:00,72.53,72.5425,72.4,72.4,3826230,0
2017-08-18,15:35:00,72.27,72.61,72.21,72.49,2852789,0
2017-08-18,15:40:00,72.49,72.54,72.34,72.34,402750,0
2017-08-18,15:45:00,72.35,72.42,72.305,72.35,187505,0
2017-08-18,15:50:00,72.36,72.37,72.1859,72.25,202682,0
2017-08-18,15:55:00,72.25,72.325,72.01,72.045,286274,0
2017-08-18,16:00:00,72.05,72.13,71.94,71.94,265129,0
2017-08-18,16:05:00,71.95,72.0826,71.93,72.08,223322,0
2017-08-18,16:10:00,72.08,72.25,72.025,72.2,261331,0
2017-08-18,16:15:00,72.19,72.22,72.13,72.22,118897,0
2017-08-18,16:20:00,72.21,72.31,72.17,72.18,210527,0
2017-08-18,16:25:00,72.17,72.26,72.16,72.195,142480,0
2017-08-18,16:30:00,72.19,72.25,72.17,72.19,208497,0
2017-08-18,16:35:00,72.1975,72.1975,72,72.11,118694,0
2017-08-18,16:40:00,72.11,72.32,72.11,72.32,154148,0
2017-08-18,16:45:00,72.33,72.39,72.26,72.3164,139634,0
2017-08-18,16:50:00,72.32,72.33,72.16,72.21,121832,0
2017-08-18,16:55:00,72.21,72.25,72.18,72.24,103600,0
2017-08-18,17:00:00,72.235,72.3,72.235,72.275,119228,0
2017-08-18,17:05:00,72.27,72.3,72.14,72.22,167830,0
2017-08-18,17:10:00,72.225,72.25,72.05,72.065,277438,0
2017-08-18,17:15:00,72.07,72.1164,72.01,72.08,123779,0
2017-08-18,17:20:00,72.07,72.33,72.07,72.315,149548,0
2017-08-18,17:25:00,72.31,72.32,72.23,72.27,162640,0
2017-08-18,17:30:00,72.275,72.441,72.275,72.41,161947,0
2017-08-18,17:35:00,72.405,72.46,72.33,72.43,162065,0
2017-08-18,17:40:00,72.4356,72.48,72.38,72.48,120822,0
2017-08-18,17:45:00,72.48,72.51,72.37,72.4451,114980,0
2017-08-18,17:50:00,72.45,72.5,72.37,72.495,154919,0
2017-08-18,17:55:00,72.49,72.55,72.48,72.49,176012,0
2017-08-18,18:00:00,72.495,72.55,72.48,72.535,91570,0
2017-08-18,18:05:00,72.54,72.55,72.415,72.45,159463,0
2017-08-18,18:10:00,72.45,72.55,72.43,72.53,165828,0
2017-08-18,18:15:00,72.52,72.59,72.49,72.515,108898,0
2017-08-18,18:20:00,72.52,72.58,72.5153,72.58,97073,0
2017-08-18,18:25:00,72.57,72.575,72.495,72.53,102930,0
2017-08-18,18:30:00,72.5201,72.65,72.515,72.635,73874,0
2017-08-18,18:35:00,72.64,72.7056,72.59,72.69,99714,0
2017-08-18,18:40:00,72.69,72.705,72.62,72.69,91142,0
2017-08-18,18:45:00,72.695,72.83,72.68,72.71,254030,0
2017-08-18,18:50:00,72.71,72.79,72.66,72.7702,139157,0
2017-08-18,18:55:00,72.77,72.8,72.69,72.77,100923,0
2017-08-18,19:00:00,72.77,72.79,72.72,72.73,91326,0
2017-08-18,19:05:00,72.72,72.7601,72.64,72.655,152739,0
2017-08-18,19:10:00,72.66,72.75,72.65,72.7,108336,0
2017-08-18,19:15:00,72.7038,72.77,72.69,72.71,88428,0
2017-08-18,19:20:00,72.71,72.7842,72.67,72.72,109353,0
2017-08-18,19:25:00,72.72,72.7578,72.69,72.725,67204,0
2017-08-18,19:30:00,72.73,72.84,72.72,72.82,72091,0
2017-08-18,19:35:00,72.82,72.83,72.74,72.75,101689,0
2017-08-18,19:40:00,72.75,72.755,72.62,72.65,116470,0
2017-08-18,19:45:00,72.64,72.66,72.56,72.6,77636,0
2017-08-18,19:50:00,72.59,72.655,72.57,72.65,58553,0
2017-08-18,19:55:00,72.65,72.66,72.59,72.6185,56144,0
2017-08-18,20:00:00,72.63,72.65,72.48,72.49,142737,0
2017-08-18,20:05:00,72.48,72.56,72.48,72.56,117265,0
2017-08-18,20:10:00,72.555,72.6,72.52,72.6,88994,0
2017-08-18,20:15:00,72.595,72.65,72.5934,72.62,88891,0
2017-08-18,20:20:00,72.63,72.66,72.58,72.6,86579,0
2017-08-18,20:25:00,72.6,72.65,72.58,72.64,42310,0
2017-08-18,20:30:00,72.635,72.72,72.62,72.65,111200,0
2017-08-18,20:35:00,72.66,72.71,72.645,72.68,153725,0
2017-08-18,20:40:00,72.68,72.74,72.68,72.7015,112951,0
2017-08-18,20:45:00,72.705,72.74,72.68,72.73,116942,0
2017-08-18,20:50:00,72.7253,72.73,72.69,72.7,93361,0
2017-08-18,20:55:00,72.705,72.71,72.63,72.655,77914,0
2017-08-18,21:00:00,72.655,72.66,72.62,72.6401,95075,0
2017-08-18,21:05:00,72.645,72.705,72.63,72.685,91467,0
2017-08-18,21:10:00,72.68,72.78,72.68,72.745,125734,0
2017-08-18,21:15:00,72.745,72.75,72.6699,72.6699,107764,0
2017-08-18,21:20:00,72.6656,72.7,72.65,72.67,191782,0
2017-08-18,21:25:00,72.675,72.7,72.59,72.65,190335,0
2017-08-18,21:30:00,72.6499,72.69,72.64,72.685,72106,0
2017-08-18,21:35:00,72.69,72.71,72.64,72.68,170180,0
2017-08-18,21:40:00,72.6747,72.775,72.66,72.74,205672,0
2017-08-18,21:45:00,72.7308,72.75,72.709,72.72,119510,0
2017-08-18,21:50:00,72.72,72.77,72.67,72.69,212924,0
2017-08-18,21:55:00,72.69,72.69,72.54,72.57,660627,0
2017-08-18,22:00:00,72.56,72.565,72.43,72.49,3188477,0
