date,close,volume,open,high,low
msft daily, 1
2017/08/18,72.4900,18760830.0000,72.2700,72.8400,71.9300
2017/08/17,72.4000,22450130.0000,73.5800,73.8700,72.4000
2017/08/16,73.6500,18146300.0000,73.3400,74.1000,73.1700
2017/08/15,73.2200,19174140.0000,73.5900,73.5900,73.0400
2017/08/14,73.5900,20079920.0000,73.0600,73.7200,72.9500
2017/08/11,72.5000,21429130.0000,71.6100,72.7000,71.2800
2017/08/10,71.4100,23882090.0000,71.9000,72.1900,71.3500
2017/08/09,72.4700,22208930.0000,72.2500,72.5100,72.0500
2017/08/08,72.7900,22029970.0000,72.0900,73.1300,71.7500
2017/08/07,72.4000,18703680.0000,72.8000,72.9000,72.2600
2017/08/04,72.6800,22578340.0000,72.4000,73.0400,72.2400
2017/08/03,72.1500,18203460.0000,72.1900,72.4400,71.8450
2017/08/02,72.2600,26487360.0000,72.5500,72.5600,71.4450
2017/08/01,72.5800,20755590.0000,73.1000,73.4200,72.4900
2017/07/31,72.7000,23546300.0000,73.3000,73.4400,72.4100
2017/07/28,73.0400,17800810.0000,72.6700,73.3100,72.5400
2017/07/27,73.1600,35803280.0000,73.7600,74.4200,72.3200
2017/07/26,74.0500,16074960.0000,74.3400,74.3800,73.8100
2017/07/25,74.1900,21934340.0000,73.8000,74.3100,73.5000
2017/07/24,73.6000,21227590.0000,73.5300,73.7500,73.1300
2017/07/21,73.7900,46301020.0000,73.4500,74.2900,73.1700
2017/07/20,74.2200,39459200.0000,74.1800,74.3000,73.2800
2017/07/19,73.8600,22071360.0000,73.5000,74.0400,73.4500
2017/07/18,73.3000,26356400.0000,73.0900,73.3900,72.6600
2017/07/17,73.3500,21776670.0000,72.8000,73.4500,72.7200
2017/07/14,72.7800,25780260.0000,72.2400,73.2700,71.9600
2017/07/13,71.7700,20267570.0000,71.5000,72.0399,71.3100
2017/07/12,71.1500,17747470.0000,70.6900,71.2800,70.5500
2017/07/11,69.9900,17459190.0000,70.0000,70.6800,69.7500
2017/07/10,69.9800,15006190.0000,69.4600,70.2500,69.2000
2017/07/07,69.4600,15910410.0000,68.7000,69.8400,68.7000
2017/07/06,68.5700,21108330.0000,68.2700,68.7800,68.1200
2017/07/05,69.0800,21164570.0000,68.2550,69.4400,68.2200
2017/07/03,68.1700,16165540.0000,69.3300,69.6000,68.0200
2017/06/30,68.9300,24094240.0000,68.7800,69.3800,68.7400
2017/06/29,68.4900,28898600.0000,69.3800,69.4900,68.0900
2017/06/28,69.8000,25802760.0000,69.2100,69.8410,68.7900
2017/06/27,69.2100,25214000.0000,70.1100,70.1800,69.1800
2017/06/26,70.5300,19508480.0000,71.4000,71.7100,70.4450
2017/06/23,71.2100,27071300.0000,70.0900,71.2500,69.9200
2017/06/22,70.2600,22602120.0000,70.5400,70.5900,69.7100
2017/06/21,70.2700,19681370.0000,70.2100,70.6200,69.9400
2017/06/20,69.9100,21509280.0000,70.8200,70.8700,69.8700
2017/06/19,70.8700,23309860.0000,70.5000,70.9450,70.3500
2017/06/16,70.0000,48278130.0000,69.7300,70.0252,69.2200
2017/06/15,69.9000,26006180.0000,69.2700,70.2100,68.8000
2017/06/14,70.2700,25483760.0000,70.9100,71.1000,69.4300
2017/06/13,70.6500,25254650.0000,70.0200,70.8200,69.9600
2017/06/12,69.7800,47720550.0000,69.2500,69.9400,68.1300
2017/06/09,70.3200,49143030.0000,72.0350,72.0800,68.5900
2017/06/08,71.9500,24460980.0000,72.5100,72.5200,71.5000
2017/06/07,72.3900,22282420.0000,72.6350,72.7700,71.9500
2017/06/06,72.5200,31506590.0000,72.3000,72.6200,72.2700
2017/06/05,72.2800,33303010.0000,71.9700,72.8900,71.8100
2017/06/02,71.7600,34637860.0000,70.4400,71.8600,70.2400
2017/06/01,70.1000,21538070.0000,70.2400,70.6100,69.4510
2017/05/31,69.8400,30445790.0000,70.5300,70.7400,69.8100
2017/05/30,70.4100,17057170.0000,69.7900,70.4100,69.7700
2017/05/26,69.9600,19716360.0000,69.8000,70.2200,69.5200
2017/05/25,69.6200,21838800.0000,68.9700,69.8800,68.9100
2017/05/24,68.7700,14665710.0000,68.8700,68.8800,68.4500
2017/05/23,68.6800,15423430.0000,68.7200,68.7500,68.3800
2017/05/22,68.4500,16216010.0000,67.8900,68.5000,67.5000
2017/05/19,67.6900,26905730.0000,67.5000,68.0950,67.4300
2017/05/18,67.7100,25184940.0000,67.4000,68.1300,67.1400
2017/05/17,67.4800,30494870.0000,68.8900,69.1000,67.4300
2017/05/16,69.4100,34936100.0000,68.2300,69.4400,68.1600
2017/05/15,68.4300,30954130.0000,68.1400,68.4800,67.5700
2017/05/12,68.3800,18700160.0000,68.6100,68.6100,68.0400
2017/05/11,68.4600,28771250.0000,68.3600,68.7300,68.1200
2017/05/10,69.3100,17934310.0000,68.9900,69.5600,68.9200
2017/05/09,69.0400,22442280.0000,68.8600,69.2800,68.6800
2017/05/08,68.9400,18553900.0000,68.9700,69.0500,68.4200
2017/05/05,69.0000,19037540.0000,68.9000,69.0300,68.4850
2017/05/04,68.8100,21684030.0000,69.0300,69.0800,68.6400
2017/05/03,69.0800,28901660.0000,69.3800,69.3800,68.7100
2017/05/02,69.3000,23528160.0000,69.7100,69.7100,69.1300
2017/05/01,69.4100,31902530.0000,68.6800,69.5500,68.5000
2017/04/28,68.4600,39431920.0000,68.9100,69.1400,67.6900
2017/04/27,68.2700,34301810.0000,68.1500,68.3800,67.5800
2017/04/26,67.8300,26132990.0000,68.0800,68.3100,67.6200
2017/04/25,67.9200,30186690.0000,67.9000,68.0400,67.6000
2017/04/24,67.5300,29721350.0000,67.4800,67.6600,67.1000
2017/04/21,66.4000,32507090.0000,65.6700,66.7000,65.4500
2017/04/20,65.5000,22298340.0000,65.4600,65.7500,65.1400
2017/04/19,65.0400,26983430.0000,65.6500,65.7500,64.8900
2017/04/18,65.3900,15145300.0000,65.3300,65.7100,65.1600
2017/04/17,65.4800,16664820.0000,65.0400,65.4900,65.0100
2017/04/13,64.9500,17875510.0000,65.2900,65.8600,64.9500
2017/04/12,65.2300,17107430.0000,65.4200,65.5100,65.1100
2017/04/11,65.4800,18783560.0000,65.6000,65.6100,64.8500
2017/04/10,65.5300,17951970.0000,65.6100,65.8200,65.3600
2017/04/07,65.6800,14089430.0000,65.8500,65.9600,65.4400
2017/04/06,65.7300,18074330.0000,65.6000,66.0550,65.4800
2017/04/05,65.5600,21418530.0000,66.3000,66.3500,65.4443
2017/04/04,65.7300,12988620.0000,65.3900,65.8100,65.2800
2017/04/03,65.5500,20362440.0000,65.8100,65.9400,65.1900
2017/03/31,65.8600,21037270.0000,65.6500,66.1900,65.4500
2017/03/30,65.7100,15109580.0000,65.4200,65.9800,65.3600
2017/03/29,65.4700,13613870.0000,65.1200,65.5000,64.9475
2017/03/28,65.2900,20066100.0000,64.9600,65.4700,64.6500
2017/03/27,65.1000,18555230.0000,64.6300,65.2200,64.3500
2017/03/24,64.9800,22616680.0000,65.1200,65.4500,64.7600
2017/03/23,64.8700,19267040.0000,64.9400,65.2350,64.7650
2017/03/22,65.0300,20635780.0000,64.1200,65.1400,64.1200
2017/03/21,64.2100,26607950.0000,65.1900,65.5000,64.1300
2017/03/20,64.9300,14273670.0000,64.9100,65.1750,64.7200
2017/03/17,64.8700,49077080.0000,64.9100,65.2400,64.6800
2017/03/16,64.6400,20638340.0000,64.7500,64.7600,64.3000
2017/03/15,64.7500,24819560.0000,64.5500,64.9200,64.2500
2017/03/14,64.4100,14280080.0000,64.5300,64.5500,64.1500
2017/03/13,64.7100,19558920.0000,65.0100,65.1950,64.5700
2017/03/10,64.9300,19531290.0000,65.1100,65.2600,64.7500
2017/03/09,64.7300,19841220.0000,65.1900,65.2000,64.4800
2017/03/08,64.9900,21510490.0000,64.2600,65.0850,64.2500
2017/03/07,64.4000,18507840.0000,64.1900,64.7750,64.1900
2017/03/06,64.2700,17536510.0000,63.9700,64.5600,63.8100
2017/03/03,64.2500,18138220.0000,63.9900,64.2800,63.6200
2017/03/02,64.0100,24523130.0000,64.6900,64.7500,63.8800
2017/03/01,64.9400,26911390.0000,64.1300,64.9900,64.0218
2017/02/28,63.9800,23225630.0000,64.0800,64.2000,63.7600
2017/02/27,64.2300,15852360.0000,64.5400,64.5400,64.0450
2017/02/24,64.6200,21778650.0000,64.5300,64.8000,64.1350
2017/02/23,64.6200,20255890.0000,64.4200,64.7285,64.1950
2017/02/22,64.3600,19274640.0000,64.3300,64.3900,64.0500
2017/02/21,64.4900,20643320.0000,64.6100,64.9500,64.4500
2017/02/17,64.6200,21236980.0000,64.4700,64.6900,64.3000
2017/02/16,64.5200,20538890.0000,64.7400,65.2400,64.4400
2017/02/15,64.5300,16984020.0000,64.5000,64.5700,64.1550
2017/02/14,64.5700,23080270.0000,64.4100,64.7200,64.0200
2017/02/13,64.7200,22871800.0000,64.2400,64.8600,64.1300
2017/02/10,64.0000,18169980.0000,64.2500,64.3000,63.9750
2017/02/09,64.0600,22625170.0000,63.5200,64.4350,63.3200
2017/02/08,63.3400,18089300.0000,63.5700,63.8100,63.2200
2017/02/07,63.4300,20271020.0000,63.7400,63.7800,63.2300
2017/02/06,63.6400,19776560.0000,63.5000,63.6500,63.1400
2017/02/03,63.6800,30288330.0000,63.5000,63.7000,63.0700
2017/02/02,63.1700,45820410.0000,63.2500,63.4100,62.7500
2017/02/01,63.5800,39650890.0000,64.3550,64.6200,63.4700
2017/01/31,64.6500,25258900.0000,64.8600,65.1500,64.2600
2017/01/30,65.1300,31627120.0000,65.6900,65.7900,64.8000
2017/01/27,65.7800,44806710.0000,65.3900,65.9100,64.8900
2017/01/26,64.2700,42688490.0000,64.1200,64.5350,63.5500
2017/01/25,63.6800,24480930.0000,63.9500,64.1000,63.4500
2017/01/24,63.5200,24647260.0000,63.2000,63.7350,62.9400
2017/01/23,62.9600,23055910.0000,62.7000,63.1159,62.5700
2017/01/20,62.7400,30067740.0000,62.6700,62.8200,62.3700
2017/01/19,62.3000,18438530.0000,62.2400,62.9800,62.1950
2017/01/18,62.5000,19666750.0000,62.6700,62.7000,62.1200
2017/01/17,62.5300,20662940.0000,62.6800,62.7000,62.0300
2017/01/13,62.7000,19421370.0000,62.6200,62.8650,62.3500
2017/01/12,62.6100,20965490.0000,63.0600,63.4000,61.9500
2017/01/11,63.1900,21503740.0000,62.6100,63.2300,62.4300
2017/01/10,62.6200,18587170.0000,62.7300,63.0700,62.2800
2017/01/09,62.6400,20374410.0000,62.7600,63.0800,62.5400
2017/01/06,62.8400,19899270.0000,62.3000,63.1500,62.0400
2017/01/05,62.3000,24866880.0000,62.1900,62.6600,62.0300
2017/01/04,62.3000,21325140.0000,62.4800,62.7500,62.1200
2017/01/03,62.5800,20655190.0000,62.7900,62.8400,62.1250
2016/12/30,62.1400,25575720.0000,62.9600,62.9900,62.0300
2016/12/29,62.9000,10248460.0000,62.8600,63.2000,62.7300
2016/12/28,62.9900,14348340.0000,63.4000,63.4000,62.8300
2016/12/27,63.2800,11743650.0000,63.2100,64.0700,63.2100
2016/12/23,63.2400,12399540.0000,63.4500,63.5400,62.8000
2016/12/22,63.5500,22175270.0000,63.8400,64.1000,63.4050
2016/12/21,63.5400,17084370.0000,63.4300,63.7000,63.1200
2016/12/20,63.5400,26017470.0000,63.6900,63.8000,63.0250
2016/12/19,63.6200,34318500.0000,62.5600,63.7700,62.4200
2016/12/16,62.3000,42452660.0000,62.9500,62.9500,62.1150
2016/12/15,62.5800,27661180.0000,62.7000,63.1535,62.3000
2016/12/14,62.6800,30335770.0000,63.0000,63.4500,62.5300
2016/12/13,62.9800,35072050.0000,62.5000,63.4200,62.2400
2016/12/12,62.1700,20186390.0000,61.8200,62.3000,61.7200
2016/12/09,61.9700,27337160.0000,61.1800,61.9900,61.1250
2016/12/08,61.0100,21201400.0000,61.3000,61.5800,60.8400
2016/12/07,61.3700,30807320.0000,60.0100,61.3800,59.8000
2016/12/06,59.9500,19966340.0000,60.4300,60.4600,59.8000
2016/12/05,60.2200,23552030.0000,59.7000,60.5850,59.5600
2016/12/02,59.2500,25464230.0000,59.0800,59.4700,58.8000
2016/12/01,59.2000,34518030.0000,60.1100,60.1500,58.9350
2016/11/30,60.2600,34641520.0000,60.8600,61.1800,60.2150
2016/11/29,61.0900,22365860.0000,60.6500,61.4100,60.5200
2016/11/28,60.6100,20604370.0000,60.3400,61.0200,60.2100
2016/11/25,60.5300,8409616.0000,60.3000,60.5300,60.1300
2016/11/23,60.4000,21847500.0000,61.0100,61.1000,60.2500
2016/11/22,61.1200,23205870.0000,60.9800,61.2600,60.8050
2016/11/21,60.8600,19638240.0000,60.5000,60.9700,60.4200
2016/11/18,60.3500,27210170.0000,60.7800,61.1400,60.3000
2016/11/17,60.6400,32084890.0000,60.4100,60.9500,59.9650
2016/11/16,59.6500,27329530.0000,58.9400,59.6600,58.8100
2016/11/15,58.8700,35850360.0000,58.3300,59.4900,58.3150
2016/11/14,58.1200,41248640.0000,59.0200,59.0800,57.2800
2016/11/11,59.0200,35932400.0000,58.2300,59.1160,58.0100
2016/11/10,58.7000,57770560.0000,60.4800,60.4900,57.6302
2016/11/09,60.1700,49588490.0000,60.0000,60.5900,59.2000
2016/11/08,60.4700,22923800.0000,60.5500,60.7800,60.1500
2016/11/07,60.4200,31652340.0000,59.7800,60.5200,59.7800
2016/11/04,58.7100,28693430.0000,58.6500,59.2800,58.5200
2016/11/03,59.2100,21448620.0000,59.5300,59.6400,59.1100
2016/11/02,59.4300,22118490.0000,59.8200,59.9300,59.3000
2016/11/01,59.8000,24474870.0000,59.9700,60.0200,59.2500
2016/10/31,59.9200,26418340.0000,60.1600,60.4200,59.9200
2016/10/28,59.8700,33569190.0000,60.0100,60.5200,59.5800
2016/10/27,60.1000,28444550.0000,60.6100,60.8300,60.0900
2016/10/26,60.6300,29908240.0000,60.8100,61.2000,60.4700
2016/10/25,60.9900,35119480.0000,60.8500,61.3699,60.8000
2016/10/24,61.0000,54039610.0000,59.9400,61.0000,59.9300
2016/10/21,59.6600,80008400.0000,60.2800,60.4500,59.4850
2016/10/20,57.2500,48880910.0000,57.5000,57.5200,56.6600
2016/10/19,57.5300,22840410.0000,57.4700,57.8400,57.3950
2016/10/18,57.6600,18862790.0000,57.5300,57.9450,57.4100
2016/10/17,57.2200,23829490.0000,57.3600,57.4600,56.8700
2016/10/14,57.4200,27221480.0000,57.1200,57.7400,57.1200
2016/10/13,56.9200,25217590.0000,56.7000,57.3000,56.3150
2016/10/12,57.1100,22157100.0000,57.1100,57.2700,56.4000
2016/10/11,57.1900,26483780.0000,57.8900,58.0200,56.8900
2016/10/10,58.0400,18085830.0000,57.9100,58.3900,57.8700
2016/10/07,57.8000,20062440.0000,57.8500,57.9800,57.4200
2016/10/06,57.7400,16194470.0000,57.7400,57.8600,57.2800
2016/10/05,57.6400,16708620.0000,57.2900,57.9601,57.2600
2016/10/04,57.2400,20061950.0000,57.2700,57.5950,56.9700
2016/10/03,57.4200,19156410.0000,57.4050,57.5500,57.0600
2016/09/30,57.6000,29877820.0000,57.5700,57.7700,57.3400
2016/09/29,57.4000,25389600.0000,57.8100,58.1679,57.2100
2016/09/28,58.0300,20523320.0000,57.8800,58.0600,57.6700
2016/09/27,57.9500,28029780.0000,56.9300,58.0600,56.6810
2016/09/26,56.9000,21184750.0000,57.0800,57.1400,56.8300
2016/09/23,57.4300,19941140.0000,57.8700,57.9100,57.3800
2016/09/22,57.8200,19821760.0000,57.9200,58.0000,57.6300
2016/09/21,57.7600,33623490.0000,57.5100,57.8500,57.0800
2016/09/20,56.8100,17347740.0000,57.3500,57.3500,56.7500
2016/09/19,56.9300,20919450.0000,57.2700,57.7500,56.8500
2016/09/16,57.2500,44603890.0000,57.6300,57.6300,56.7500
2016/09/15,57.1900,27049520.0000,56.1500,57.3500,55.9800
2016/09/14,56.2600,24265700.0000,56.3900,56.6300,56.0300
2016/09/13,56.5300,30062330.0000,56.5000,56.6500,56.0500
2016/09/12,57.0500,29266780.0000,56.0000,57.2050,55.6100
2016/09/09,56.2100,35026930.0000,56.7900,57.5200,56.2100
2016/09/08,57.4300,20109050.0000,57.6300,57.7900,57.1800
2016/09/07,57.6600,17484810.0000,57.4700,57.8400,57.4050
2016/09/06,57.6100,16264890.0000,57.7800,57.8000,57.2100
2016/09/02,57.6700,18897210.0000,57.6700,58.1900,57.4200
2016/09/01,57.5900,26053530.0000,57.0100,57.8200,57.0100
2016/08/31,57.4600,20844280.0000,57.6500,57.8000,57.3000
2016/08/30,57.8900,16900190.0000,57.9800,58.1900,57.6100
2016/08/29,58.1000,16388470.0000,58.1800,58.6000,58.1000
2016/08/26,58.0300,20935160.0000,58.2800,58.7000,57.6900
2016/08/25,58.1700,18551890.0000,57.8800,58.2900,57.7800
2016/08/24,57.9500,17118420.0000,57.8000,58.0400,57.7150
2016/08/23,57.8900,18722560.0000,57.9000,58.1800,57.8500
2016/08/22,57.6700,15215880.0000,57.6000,57.7500,57.2600
2016/08/19,57.6200,17271010.0000,57.4300,57.7300,57.2000
2016/08/18,57.6000,14211810.0000,57.4200,57.7000,57.2700
2016/08/17,57.5600,18798940.0000,57.5400,57.6800,57.2300
2016/08/16,57.4400,20452960.0000,57.6100,57.6200,57.2700
2016/08/15,58.1200,18764820.0000,58.0100,58.5000,57.9600
2016/08/12,57.9400,21646690.0000,58.0300,58.1900,57.6200
2016/08/11,58.3000,18161190.0000,58.0300,58.4500,58.0300
2016/08/10,58.0200,15702720.0000,58.1600,58.3200,57.8200
2016/08/09,58.2000,16891750.0000,58.1700,58.5000,58.0200
2016/08/08,58.0600,19459340.0000,58.0550,58.0850,57.7800
2016/08/05,57.9600,28804780.0000,57.6500,58.2100,57.4500
2016/08/04,57.3900,26485600.0000,56.8000,57.5193,56.6700
2016/08/03,56.9700,22069790.0000,56.6800,57.1100,56.4900
2016/08/02,56.5800,35115250.0000,56.8500,56.9000,56.3100
2016/08/01,56.5800,26003110.0000,56.6000,56.7500,56.1400
2016/07/29,56.6800,30556950.0000,56.2600,56.7600,56.0500
2016/07/28,56.2100,37246140.0000,56.0000,56.3700,55.7200
2016/07/27,56.1900,32283520.0000,56.6100,56.8000,56.1100
2016/07/26,56.7600,28028820.0000,56.5200,57.2900,56.5100
2016/07/25,56.7300,24313330.0000,56.4700,56.7400,56.2550
2016/07/22,56.5700,31900840.0000,56.0800,56.6275,55.7800
2016/07/21,55.8000,32752350.0000,55.9800,56.2300,55.7600
2016/07/20,55.9100,89835200.0000,56.1500,56.8400,55.5300
2016/07/19,53.0900,51870970.0000,53.7100,53.9000,52.9300
2016/07/18,53.9600,31087650.0000,53.7000,54.3400,53.5500
2016/07/15,53.7000,31986450.0000,53.9500,54.0000,53.2100
2016/07/14,53.7400,24535370.0000,53.8400,53.9900,53.5800
2016/07/13,53.5100,25334860.0000,53.5600,53.8600,53.1800
2016/07/12,53.2100,27312600.0000,52.9400,53.4000,52.7850
2016/07/11,52.5900,21894550.0000,52.5000,52.8300,52.4700
2016/07/08,52.3000,28390820.0000,51.7300,52.3600,51.5500
2016/07/07,51.3800,19582210.0000,51.4200,51.6100,51.0700
2016/07/06,51.3800,28165990.0000,50.7800,51.5400,50.3900
2016/07/05,51.1700,24781550.0000,50.8300,51.2800,50.7400
2016/07/01,51.1600,21398770.0000,51.1300,51.7200,51.0700
2016/06/30,51.1700,28524020.0000,50.7200,51.3000,50.5000
2016/06/29,50.5400,31287260.0000,49.9100,50.7200,49.8000
2016/06/28,49.4400,38132040.0000,48.9200,49.4700,48.6700
2016/06/27,48.4300,50308070.0000,49.1000,49.1466,48.0350
2016/06/24,49.8300,133456500.0000,49.8100,50.9400,49.5200
2016/06/23,51.9100,28960330.0000,51.2800,52.0600,51.1500
2016/06/22,50.9900,28801660.0000,51.0800,51.4600,50.9525
2016/06/21,51.1900,34075570.0000,50.2000,51.4300,50.1600
2016/06/20,50.0700,35597220.0000,50.6400,50.8300,50.0300
2016/06/17,50.1300,45675100.0000,50.4100,50.4300,49.8200
2016/06/16,50.3900,31104460.0000,49.5200,50.4700,49.5068
2016/06/15,49.6900,33718830.0000,49.7800,50.1200,49.6900
2016/06/14,49.8300,42568290.0000,49.9000,50.1000,49.5700
2016/06/13,50.1400,83206230.0000,49.5800,50.7150,49.0600
2016/06/10,51.4800,25833020.0000,51.0500,52.0500,51.0400
2016/06/09,51.6200,20303990.0000,52.0000,52.0000,51.4900
2016/06/08,52.0400,21127190.0000,52.0200,52.4400,51.8700
2016/06/07,52.1000,20798030.0000,52.2400,52.7300,52.1000
2016/06/06,52.1300,18137760.0000,51.9900,52.3500,51.8900
2016/06/03,51.7900,23254530.0000,52.3800,52.4200,51.6000
2016/06/02,52.4800,22682220.0000,52.6400,52.7400,51.8350
2016/06/01,52.8500,25104350.0000,52.4400,52.9500,52.4400
2016/05/31,53.0000,37461550.0000,52.2600,53.0000,52.0800
2016/05/27,52.3200,17671620.0000,51.9200,52.3200,51.7700
2016/05/26,51.8900,24308620.0000,51.9300,51.9793,51.3600
2016/05/25,52.1200,24176970.0000,51.9200,52.4900,51.7900
2016/05/24,51.5900,34726410.0000,50.7000,51.7100,50.4000
2016/05/23,50.0300,26110160.0000,50.6000,50.6800,49.9800
2016/05/20,50.6200,23770620.0000,50.4800,51.2200,50.4000
2016/05/19,50.3200,23784750.0000,50.4700,50.6200,49.8200
2016/05/18,50.8100,24861480.0000,50.4800,51.1400,50.3000
2016/05/17,50.5100,27790370.0000,51.7200,51.7300,50.3600
2016/05/16,51.8300,19962750.0000,50.8000,51.9600,50.7500
2016/05/13,51.0800,22439560.0000,51.4400,51.8950,51.0400
2016/05/12,51.5100,24101640.0000,51.2000,51.8100,50.9200
2016/05/11,51.0500,24026140.0000,51.1300,51.7800,51.0000
2016/05/10,51.0200,22871860.0000,50.3300,51.1000,50.1900
2016/05/09,50.0700,17883360.0000,50.4900,50.5850,50.0000
2016/05/06,50.3900,24772020.0000,49.9200,50.3900,49.6600
2016/05/05,49.9400,25386690.0000,49.8700,50.3000,49.7300
2016/05/04,49.8700,24249670.0000,49.8400,50.0600,49.4600
2016/05/03,49.7800,26445230.0000,50.3400,50.4100,49.6000
2016/05/02,50.6100,33105170.0000,50.0000,50.7500,49.7799
2016/04/29,49.8700,48391580.0000,49.3500,50.2500,49.3500
2016/04/28,49.9000,43108350.0000,50.6200,50.7700,49.5600
2016/04/27,50.9400,43301480.0000,51.4800,51.5000,50.5500
2016/04/26,51.4400,33513780.0000,52.2600,52.3500,51.0900
2016/04/25,52.1100,33124870.0000,51.7800,52.1300,51.6300
2016/04/22,51.7800,126793100.0000,51.9100,52.4297,50.7700
2016/04/21,55.7800,38182900.0000,55.8000,56.2300,55.4150
2016/04/20,55.5900,36169280.0000,56.2900,56.5000,55.4850
2016/04/19,56.3900,29566220.0000,56.6300,56.7700,55.6800
2016/04/18,56.4600,23758570.0000,55.4900,56.5900,55.2100
2016/04/15,55.6500,28462970.0000,55.3000,55.9200,55.1100
2016/04/14,55.3600,20875260.0000,55.2200,55.5750,55.0700
2016/04/13,55.3500,20813640.0000,55.1200,55.4375,54.8900
2016/04/12,54.6500,24874410.0000,54.3700,54.7800,53.7600
2016/04/11,54.3100,21400400.0000,54.4900,55.1500,54.3000
2016/04/08,54.4200,22159630.0000,54.6700,55.2800,54.3200
2016/04/07,54.4600,19221270.0000,54.8700,54.9100,54.2300
2016/04/06,55.1200,21072150.0000,54.3600,55.2000,54.2100
2016/04/05,54.5600,19261620.0000,55.1900,55.3000,54.4600
2016/04/04,55.4300,18908300.0000,55.4300,55.6600,55.0000
2016/04/01,55.5700,24383590.0000,55.0500,55.6100,54.5700
2016/03/31,55.2300,26353570.0000,54.9500,55.5900,54.8600
2016/03/30,55.0500,22992090.0000,54.9300,55.6400,54.9000
2016/03/29,54.7100,23913950.0000,53.6600,54.8600,53.4500
2016/03/28,53.5400,17018120.0000,54.2100,54.2900,53.3300
2016/03/24,54.2100,18967510.0000,53.8400,54.3300,53.7300
2016/03/23,53.9700,20123800.0000,54.1100,54.2400,53.7400
2016/03/22,54.0700,23105140.0000,53.6100,54.2500,53.4600
2016/03/21,53.8600,23920160.0000,53.2500,53.9298,52.9300
2016/03/18,53.4900,67622520.0000,54.9200,54.9700,53.4450
2016/03/17,54.6600,28193010.0000,54.2100,55.0000,54.0000
2016/03/16,54.3500,31679130.0000,53.4500,54.6000,53.4000
2016/03/15,53.5900,21011480.0000,52.7500,53.5900,52.7400
2016/03/14,53.1700,24079770.0000,52.7100,53.5900,52.6300
2016/03/11,53.0700,32267360.0000,53.0000,53.0700,52.3800
2016/03/10,52.0500,38385600.0000,52.9300,52.9400,51.1600
2016/03/09,52.8400,28238270.0000,51.8900,52.8500,51.8550
2016/03/08,51.6500,33822940.0000,50.8000,52.1300,50.5950
2016/03/07,51.0300,38426220.0000,51.5600,51.8000,50.5800
2016/03/04,52.0300,33033010.0000,52.4000,52.4500,51.7100
2016/03/03,52.3500,24423260.0000,52.9700,52.9700,51.7800
2016/03/02,52.9500,29269240.0000,52.4100,52.9600,52.1550
2016/03/01,52.5800,32999880.0000,50.9700,52.5900,50.9199
2016/02/29,50.8800,31632160.0000,51.3500,51.6500,50.6600
2016/02/26,51.3000,35945290.0000,52.6000,52.6800,51.1000
2016/02/25,52.1000,26906570.0000,51.7300,52.1000,50.6100
2016/02/24,51.3600,32918630.0000,50.6900,51.5000,50.2000
2016/02/23,51.1800,28866480.0000,52.3400,52.3700,50.9800
2016/02/22,52.6500,24992030.0000,52.2800,53.0000,52.2800
2016/02/19,51.8200,33531580.0000,51.9700,52.2800,51.5300
2016/02/18,52.1900,27016950.0000,52.3300,52.9500,52.1000
2016/02/17,52.4200,40779580.0000,51.4900,52.7700,51.4500
2016/02/16,51.0900,36460400.0000,50.9000,51.0900,50.1300
2016/02/12,50.5000,34216160.0000,50.2500,50.6800,49.7500
2016/02/11,49.6900,48855890.0000,48.6800,50.1100,48.5100
2016/02/10,49.7100,38220450.0000,49.8900,50.3900,49.5200
2016/02/09,49.2800,46589450.0000,49.0200,50.2400,48.6700
2016/02/08,49.4100,58393070.0000,49.5500,49.5700,48.1900
2016/02/05,50.1600,61262540.0000,51.9400,52.0000,49.5600
2016/02/04,52.0000,46967100.0000,52.1000,52.8100,51.3700
2016/02/03,52.1600,57526850.0000,53.2500,53.3900,51.2600
2016/02/02,53.0000,55388320.0000,54.1700,54.2600,52.6500
2016/02/01,54.7100,44172930.0000,54.8800,55.0900,54.4950
2016/01/29,55.0900,83559310.0000,54.7300,55.0900,54.0000
2016/01/28,52.0550,61275100.0000,51.8600,52.2100,51.2500
2016/01/27,51.2200,36647310.0000,52.0100,52.2000,51.0201
2016/01/26,52.1700,28768620.0000,51.7900,52.4400,51.5500
2016/01/25,51.7900,34654900.0000,51.9400,52.6500,51.6500
2016/01/22,52.2900,36881330.0000,51.4100,52.3300,51.2600
2016/01/21,50.4800,40172530.0000,51.0000,51.5800,50.3000
2016/01/20,50.7900,63249630.0000,49.9800,51.3800,49.1000
2016/01/19,50.5600,43484630.0000,51.4800,51.6800,50.0600
2016/01/15,50.9900,71037400.0000,51.3100,51.9700,50.3400
2016/01/14,53.1100,52227000.0000,52.0000,53.4163,51.5700
2016/01/13,51.6400,66862860.0000,53.8000,54.0700,51.3038
2016/01/12,52.7800,36061760.0000,52.7600,53.1000,52.0600
2016/01/11,52.3000,36889200.0000,52.5100,52.8500,51.4600
2016/01/08,52.3300,48718970.0000,52.3700,53.2800,52.1500
2016/01/07,52.1700,56497950.0000,52.7000,53.4850,52.0700
2016/01/06,54.0500,39498780.0000,54.3200,54.4001,53.6400
2016/01/05,55.0500,34059040.0000,54.9300,55.3900,54.5400
2016/01/04,54.8000,53209740.0000,54.3200,54.8000,53.3900
2015/12/31,55.4800,27329930.0000,56.0400,56.1900,55.4200
2015/12/30,56.3100,21690270.0000,56.4700,56.7800,56.2875
2015/12/29,56.5500,27727810.0000,56.2900,56.8500,56.0600
2015/12/28,55.9500,21704030.0000,55.3500,55.9500,54.9800
2015/12/24,55.6700,9570002.0000,55.8600,55.9600,55.4300
2015/12/23,55.8200,27269200.0000,55.7000,55.8800,55.4400
2015/12/22,55.3500,28305310.0000,54.9900,55.4800,54.5000
2015/12/21,54.8300,37221910.0000,54.8800,55.3500,54.2262
2015/12/18,54.1300,84141520.0000,55.7700,56.0000,54.0300
2015/12/17,55.7000,41244620.0000,56.3600,56.7900,55.5348
2015/12/16,56.1300,37473420.0000,55.5400,56.2450,54.7600
2015/12/15,55.2000,39678290.0000,55.6600,55.9000,55.0900
2015/12/14,55.1400,46963970.0000,54.3300,55.2100,53.6800
2015/12/11,54.0600,39535140.0000,54.7100,55.1000,54.0100
2015/12/10,55.2700,31771820.0000,55.3900,55.6550,55.0100
2015/12/09,54.9800,36359780.0000,55.3700,55.8700,54.5100
2015/12/08,55.7900,32752860.0000,55.4700,56.1000,54.9900
2015/12/07,55.8100,30704980.0000,55.7900,55.9700,55.2900
2015/12/04,55.9100,43954660.0000,54.1200,56.2300,54.1000
2015/12/03,54.2000,38625370.0000,55.4900,55.7700,53.9300
2015/12/02,55.2100,47249030.0000,55.3200,55.9600,55.0600
2015/12/01,55.2200,39912320.0000,54.4100,55.2300,54.3000
2015/11/30,54.3500,54403560.0000,54.5400,54.9600,53.9999
2015/11/27,53.9300,9009132.0000,53.8000,54.0800,53.7900
2015/11/25,53.6900,20987820.0000,54.0900,54.2300,53.6900
2015/11/24,54.2500,24589530.0000,53.9200,54.4400,53.5800
2015/11/23,54.1900,28218110.0000,54.2500,54.4600,53.7500
2015/11/20,54.1900,37106670.0000,54.2500,54.3000,53.2650
2015/11/19,53.9400,28141820.0000,53.9900,54.6600,53.7810
2015/11/18,53.8500,29125950.0000,53.0000,53.9800,52.9799
2015/11/17,52.9700,31546750.0000,53.1700,53.5300,52.8500
2015/11/16,53.7650,31944340.0000,53.0800,53.8900,52.8500
2015/11/13,52.8400,36796370.0000,53.0700,53.2900,52.5300
2015/11/12,53.3200,35304350.0000,53.4800,53.9791,53.1900
2015/11/11,53.6500,34010630.0000,53.7000,54.2000,53.4600
2015/11/10,53.5100,55268090.0000,54.0700,54.1300,53.2700
2015/11/09,54.1600,32498870.0000,54.5500,54.8700,53.5600
2015/11/06,54.9200,32835100.0000,54.0850,54.9800,53.9640
2015/11/05,54.3800,31466080.0000,54.4900,54.7000,54.0000
2015/11/04,54.4000,37084780.0000,54.1800,54.8800,54.0600
2015/11/03,54.1500,36584100.0000,52.9300,54.3900,52.9000
2015/11/02,53.2400,30229020.0000,52.8500,53.3600,52.6200
2015/10/30,52.6400,46602700.0000,53.3200,53.9900,52.6200
2015/10/29,53.3600,30109050.0000,53.5400,53.8300,53.2200
2015/10/28,53.9800,46948360.0000,53.5400,53.9800,52.8600
2015/10/27,53.6900,50959580.0000,53.9900,54.3700,53.5800
2015/10/26,54.2500,64541790.0000,52.5300,54.3200,52.5000
2015/10/23,52.8700,135152900.0000,52.3000,54.0700,52.2500
2015/10/22,48.0300,55888280.0000,47.5300,48.9500,47.0900
2015/10/21,47.2000,25222760.0000,47.9200,47.9900,47.1100
2015/10/20,47.7700,30794100.0000,47.4400,47.8100,47.0200
2015/10/19,47.6200,29357660.0000,47.4200,47.8800,47.0200
2015/10/16,47.5100,25845550.0000,47.0200,47.5400,46.8970
2015/10/15,47.0100,27155510.0000,47.0100,47.0300,46.5300
2015/10/14,46.6800,24693460.0000,46.6500,47.1000,46.5300
2015/10/13,46.8900,19985330.0000,46.5600,47.1299,46.5600
2015/10/12,47.0000,19756420.0000,46.9800,47.0700,46.5000
2015/10/09,47.1100,28581690.0000,47.4500,47.5400,46.9200
2015/10/08,47.4500,33733860.0000,46.5600,47.5150,46.5000
2015/10/07,46.8000,27695610.0000,47.1000,47.3500,45.9500
2015/10/06,46.7500,27504360.0000,46.3300,47.1750,46.2200
2015/10/05,46.6300,33546080.0000,45.7450,46.8900,45.7000
2015/10/02,45.5700,41789610.0000,44.2700,45.5700,43.9200
2015/10/01,44.6100,28564790.0000,44.7500,44.7500,43.7500
2015/09/30,44.2600,34944070.0000,43.8800,44.3000,43.6600
2015/09/29,43.4400,32748610.0000,43.3700,43.5700,43.0500
2015/09/28,43.2900,27454240.0000,43.8300,44.0850,43.2050
2015/09/25,43.9400,29378050.0000,44.4800,44.7300,43.7600
2015/09/24,43.9100,27867010.0000,43.4500,44.1300,43.2700
2015/09/23,43.8700,17099600.0000,43.9300,44.1700,43.5100
2015/09/22,43.9000,28060540.0000,43.3800,44.0500,43.3100
2015/09/21,44.1100,26084680.0000,43.6200,44.4700,43.6000
2015/09/18,43.4800,63000180.0000,43.5000,43.9900,43.3300
2015/09/17,44.2500,29908540.0000,44.2900,45.0000,44.0800
2015/09/16,44.3000,23337620.0000,43.9700,44.3800,43.8400
2015/09/15,43.9800,28831030.0000,43.1900,44.2900,43.0800
2015/09/14,43.0400,23654490.0000,43.4300,43.4400,42.8600
2015/09/11,43.4800,26475350.0000,43.1400,43.5900,42.9399
2015/09/10,43.2900,31313520.0000,43.1200,43.7900,42.7450
2015/09/09,43.0700,33448580.0000,44.2100,44.4000,42.9100
2015/09/08,43.8900,32411680.0000,43.3000,44.0000,43.2000
2015/09/04,42.6100,37019110.0000,42.8100,43.0400,42.1950
2015/09/03,43.5000,28206410.0000,43.4100,43.9800,43.2800
2015/09/02,43.3600,37624230.0000,42.3600,43.3800,41.8800
2015/09/01,41.8200,49682210.0000,42.1700,42.5900,41.6600
2015/08/31,43.5200,34434480.0000,43.5600,43.9300,43.1000
2015/08/28,43.9300,28243230.0000,43.4000,44.1500,43.3900
2015/08/27,43.9000,50612610.0000,43.2300,43.9500,42.9250
2015/08/26,42.7100,63297300.0000,42.0100,42.8400,41.0600
2015/08/25,40.4700,70369920.0000,42.5650,43.2400,40.3900
2015/08/24,41.6800,88489910.0000,40.4500,43.3100,39.7200
2015/08/21,43.0700,69463900.0000,45.3000,45.4800,43.0700
2015/08/20,45.6600,36176380.0000,46.0700,46.4700,45.6600
2015/08/19,46.6100,31472060.0000,46.7800,47.0800,46.3000
2015/08/18,47.2700,23572990.0000,46.8400,47.4300,46.7000
2015/08/17,47.3200,21039660.0000,46.8100,47.4500,46.5700
2015/08/14,47.0000,21460830.0000,46.5300,47.1000,46.5200
2015/08/13,46.7300,22612650.0000,47.0600,47.1000,46.4900
2015/08/12,46.7400,30184710.0000,46.1900,46.9000,45.7050
2015/08/11,46.4100,28757610.0000,46.8200,46.9400,45.9000
2015/08/10,47.3300,23045530.0000,46.9500,47.4900,46.8400
2015/08/07,46.7400,19158590.0000,46.3900,46.7800,46.2600
2015/08/06,46.6200,27344040.0000,47.7100,47.7700,46.3300
2015/08/05,47.5800,27003740.0000,47.9800,48.4100,47.5400
2015/08/04,47.5400,33306110.0000,46.7500,47.7100,46.6800
2015/08/03,46.8100,23919340.0000,46.9800,47.0000,46.4500
2015/07/31,46.7000,31192430.0000,47.2900,47.3700,46.5000
2015/07/30,46.8800,39755700.0000,46.2600,47.4000,45.9300
2015/07/29,46.2900,40924210.0000,45.4000,46.7800,45.2600
2015/07/28,45.3400,34309080.0000,45.5800,45.6390,44.7900
2015/07/27,45.3500,39472930.0000,45.9400,46.0100,45.2500
2015/07/24,45.9400,32304070.0000,45.9100,46.3200,45.8000
2015/07/23,46.1100,33708200.0000,45.2700,46.2300,45.1000
2015/07/22,45.5400,59039160.0000,45.4400,46.9300,45.2030
2015/07/21,47.2800,42211210.0000,46.7800,47.3300,46.4800
2015/07/20,46.9200,30607770.0000,46.6500,47.1300,46.4400
2015/07/17,46.6200,29454740.0000,46.5500,46.7800,46.2600
2015/07/16,46.6600,26254220.0000,46.0100,46.6900,45.9650
2015/07/15,45.7600,26619810.0000,45.6800,45.8900,45.4300
2015/07/14,45.6200,22865770.0000,45.4500,45.9600,45.3100
2015/07/13,45.5400,27875670.0000,44.9750,45.6200,44.9501
2015/07/10,44.6100,25365530.0000,45.0100,45.1400,44.5700
2015/07/09,44.5200,32404100.0000,44.7500,45.2200,44.5000
2015/07/08,44.2400,39761460.0000,44.4400,44.9000,44.0300
2015/07/07,44.3000,36420230.0000,44.3400,44.4900,43.3200
2015/07/06,44.3900,23025750.0000,43.9600,44.4800,43.9500
2015/07/02,44.4000,21743250.0000,44.4800,44.7500,44.0600
2015/07/01,44.4450,28339610.0000,44.4600,45.2300,44.1000
2015/06/30,44.1500,35943040.0000,44.7100,44.7200,43.9400
2015/06/29,44.3700,34004400.0000,45.0400,45.2300,44.3600
2015/06/26,45.2600,49757070.0000,45.6500,46.2800,45.0300
2015/06/25,45.6500,20599990.0000,46.0300,46.0600,45.5000
2015/06/24,45.6350,34849400.0000,45.6700,46.2450,45.5500
2015/06/23,45.9100,25881850.0000,46.1300,46.2800,45.6200
2015/06/22,46.2300,20300480.0000,46.3300,46.7200,46.1600
2015/06/19,46.1000,63733110.0000,46.7900,46.8250,45.9900
2015/06/18,46.7200,32586480.0000,46.2200,46.8000,46.1700
2015/06/17,45.9700,28683290.0000,45.7300,46.0700,45.3600
2015/06/16,45.8300,26895950.0000,45.3500,46.2400,45.3000
2015/06/15,45.4750,33227000.0000,45.4500,45.6500,45.0201
2015/06/12,45.9700,23916080.0000,46.2200,46.4700,45.9000
2015/06/11,46.4400,27290100.0000,46.6600,46.9200,46.1300
2015/06/10,46.6100,28416030.0000,45.7900,46.8300,45.6900
2015/06/09,45.6500,24395800.0000,45.7600,45.9400,45.4600
2015/06/08,45.7300,22108100.0000,46.3000,46.4300,45.6700
2015/06/05,46.1400,25434870.0000,46.3100,46.5200,45.8400
2015/06/04,46.3600,27474500.0000,46.7900,47.1600,46.2000
2015/06/03,46.8500,28000370.0000,47.3700,47.7350,46.8200
2015/06/02,46.9200,21484660.0000,46.9300,47.3500,46.6200
2015/06/01,47.2300,28610080.0000,47.0600,47.7700,46.6200
2015/05/29,46.8600,36497290.0000,47.4300,47.5700,46.5900
2015/05/28,47.4500,19282810.0000,47.5000,48.0200,47.3900
2015/05/27,47.6100,27333730.0000,46.8200,47.7700,46.6200
2015/05/26,46.5900,29556430.0000,46.8300,46.8800,46.1900
2015/05/22,46.9000,25700240.0000,47.3000,47.3500,46.8200
2015/05/21,47.4200,22399100.0000,47.2800,47.6000,47.0050
2015/05/20,47.5800,25035330.0000,47.3900,47.9300,47.2700
2015/05/19,47.5800,28181300.0000,47.5600,47.8100,47.1800
2015/05/18,48.0100,23918020.0000,47.9800,48.2200,47.6100
2015/05/15,48.2950,28628370.0000,48.8700,48.9050,48.0500
2015/05/14,48.7200,32956260.0000,48.0300,48.8200,48.0300
2015/05/13,47.6250,34182750.0000,48.1900,48.3200,47.5700
2015/05/12,47.3500,29927160.0000,46.8500,47.6800,46.4200
2015/05/11,47.3700,24608910.0000,47.5500,47.9100,47.3700
2015/05/08,47.7500,35060430.0000,47.5500,47.9800,47.5200
2015/05/07,46.7000,32940820.0000,46.2700,47.0850,46.1600
2015/05/06,46.2800,52416760.0000,47.5700,47.7700,46.0200
2015/05/05,47.6000,50364250.0000,47.8200,48.1600,47.3100
2015/05/04,48.2400,33986240.0000,48.3700,48.8700,48.1800
2015/05/01,48.6550,36432670.0000,48.5800,48.8750,48.4000
2015/04/30,48.6400,64127280.0000,48.7000,49.5400,48.6000
2015/04/29,49.0600,47665440.0000,48.7200,49.3100,48.5000
2015/04/28,49.1550,59860670.0000,47.7800,49.2100,47.7000
2015/04/27,48.0300,58950840.0000,47.2300,48.1300,47.2200
2015/04/24,47.8700,130885200.0000,45.6600,48.1400,45.6500
2015/04/23,43.3400,45445510.0000,42.8900,43.6100,42.8000
2015/04/22,42.9850,25032050.0000,42.6700,43.1300,42.5500
2015/04/21,42.6350,26004920.0000,43.0000,43.1500,42.5300
2015/04/20,42.9050,46051240.0000,41.7300,43.1700,41.6800
2015/04/17,41.6150,41912450.0000,41.6700,41.7400,41.1600
2015/04/16,42.1600,22425300.0000,41.9500,42.3400,41.8200
2015/04/15,42.2550,27307270.0000,41.7600,42.4600,41.6800
2015/04/14,41.6500,24238760.0000,41.8000,42.0300,41.3900
2015/04/13,41.7600,30270750.0000,41.4000,42.0600,41.3900
2015/04/10,41.7200,27856770.0000,41.6300,41.9500,41.4100
2015/04/09,41.4800,25722630.0000,41.2500,41.6200,41.2500
2015/04/08,41.4200,24699710.0000,41.4600,41.6900,41.0400
2015/04/07,41.5300,28808840.0000,41.6100,41.9100,41.3100
2015/04/06,41.5450,39161760.0000,40.3400,41.7800,40.1800
2015/04/02,40.2900,37483000.0000,40.6600,40.7400,40.1200
2015/04/01,40.7200,36841010.0000,40.6000,40.7600,40.3100
2015/03/31,40.6550,34884740.0000,40.7800,41.0300,40.5400
2015/03/30,40.9600,34999850.0000,41.1000,41.5400,40.9100
2015/03/27,40.9700,33980410.0000,41.1200,41.4300,40.8300
2015/03/26,41.2100,37483900.0000,41.2200,41.6100,40.9200
2015/03/25,41.4600,43427180.0000,42.9200,42.9250,41.4400
2015/03/24,42.9000,25453110.0000,42.7800,43.1700,42.7500
2015/03/23,42.8550,26233420.0000,42.8800,43.1300,42.7800
2015/03/20,42.8800,71754700.0000,42.5600,42.9800,42.4900
2015/03/19,42.2850,33836100.0000,42.2600,42.5900,42.2200
2015/03/18,42.5000,44178520.0000,41.4300,42.8300,41.3300
2015/03/17,41.6950,31669340.0000,41.3700,41.8300,41.1500
2015/03/16,41.5600,35257510.0000,41.4700,41.6400,41.2800
2015/03/13,41.3800,57972120.0000,40.7000,41.4700,40.6100
2015/03/12,41.0200,59984700.0000,41.3300,41.6500,40.8600
2015/03/11,41.9800,32214780.0000,42.3100,42.3700,41.8400
2015/03/10,42.0300,39158290.0000,42.3500,42.7100,42.0300
2015/03/09,42.8500,32106530.0000,42.1900,43.1250,42.1900
2015/03/06,42.3600,36120570.0000,43.0000,43.1100,42.1500
2015/03/05,43.1100,23176110.0000,43.0700,43.2400,42.8200
2015/03/04,43.0550,25746840.0000,43.0100,43.2100,42.8800
2015/03/03,43.2800,31685600.0000,43.5600,43.8250,43.0900
2015/03/02,43.8800,31766030.0000,43.6700,44.1900,43.5500
2015/02/27,43.8500,33784370.0000,44.1300,44.2000,43.6600
2015/02/26,44.0550,26524300.0000,43.9900,44.2300,43.8900
2015/02/25,43.9900,29749090.0000,43.9500,44.0900,43.8000
2015/02/24,44.0900,25262080.0000,44.1500,44.3000,43.9200
2015/02/23,44.1500,32510550.0000,43.7000,44.1900,43.6500
2015/02/20,43.8550,29710140.0000,43.5100,43.8800,43.2900
2015/02/19,43.5000,27598050.0000,43.1800,43.5263,43.0500
2015/02/18,43.5300,27105640.0000,43.6300,43.7000,43.3900
2015/02/17,43.5800,33692870.0000,43.9700,44.0000,43.1900
2015/02/13,43.8700,40112080.0000,43.3800,43.8700,43.1500
2015/02/12,43.0900,33238000.0000,42.6600,43.0900,42.5100
2015/02/11,42.3800,38248500.0000,42.6500,42.6500,42.2100
2015/02/10,42.6000,29655280.0000,42.7400,42.7700,42.1800
2015/02/09,42.3600,27416280.0000,42.2400,42.7400,42.2100
2015/02/06,42.4100,34612420.0000,42.6800,42.7900,42.1500
2015/02/05,42.4500,36543020.0000,42.2200,42.6400,41.8550
2015/02/04,41.8400,41585310.0000,41.9400,42.2100,41.3600
2015/02/03,41.6000,52068450.0000,41.6300,41.9300,41.0450
2015/02/02,41.2800,50274250.0000,40.5900,41.3700,40.2300
2015/01/30,40.4000,77983360.0000,41.5500,41.5800,40.3500
2015/01/29,42.0100,63551980.0000,40.9300,42.1200,40.7900
2015/01/28,41.1900,84453280.0000,42.7400,42.7900,41.1600
2015/01/27,42.6600,169115000.0000,42.9500,43.2000,42.1050
2015/01/26,47.0100,40995700.0000,47.0000,47.1339,46.2399
2015/01/23,47.1800,26136690.0000,47.3600,47.3900,46.8000
2015/01/22,47.1300,35842790.0000,46.3800,47.1350,46.0800
2015/01/21,45.9200,37113740.0000,45.9400,46.1400,45.4800
2015/01/20,46.3900,36121800.0000,46.3000,46.6500,45.5700
2015/01/16,46.2400,35683380.0000,45.3100,46.2800,45.1700
2015/01/15,45.4800,32744260.0000,46.2200,46.3800,45.4100
2015/01/14,45.9550,29713190.0000,45.9600,46.2400,45.6200
2015/01/13,46.3550,35258300.0000,46.9700,47.9100,46.0600
2015/01/12,46.6000,23623970.0000,47.4200,47.5400,46.3600
2015/01/09,47.1900,23942750.0000,47.6100,47.8200,46.9000
2015/01/08,47.5900,29634030.0000,46.7500,47.7499,46.7200
2015/01/07,46.2300,29103920.0000,45.9800,46.4600,45.4900
2015/01/06,45.6500,36434980.0000,46.3800,46.7490,45.5400
2015/01/05,46.3250,39667400.0000,46.3700,46.7300,46.2500
2015/01/02,46.7600,27843560.0000,46.6600,47.4200,46.5400
2014/12/31,46.4500,21551090.0000,46.7300,47.4400,46.4500
2014/12/30,47.0200,16380820.0000,47.4400,47.6200,46.8400
2014/12/29,47.4500,14417170.0000,47.7000,47.7800,47.2600
2014/12/26,47.8800,13197120.0000,48.4100,48.4100,47.8200
2014/12/24,48.1400,11442790.0000,48.6400,48.6400,48.0800
2014/12/23,48.4500,23654190.0000,48.3700,48.8000,48.1300
2014/12/22,47.9800,26561880.0000,47.7800,48.1200,47.7100
2014/12/19,47.6600,64504160.0000,47.6300,48.1000,47.1700
2014/12/18,47.5200,40031480.0000,46.5800,47.5200,46.3386
2014/12/17,45.7400,34967260.0000,45.0500,45.9450,44.9000
2014/12/16,45.1600,47764300.0000,45.9000,46.3400,45.1300
2014/12/15,46.6700,29213490.0000,47.2000,47.6700,46.5500
2014/12/12,46.9500,34247280.0000,46.7800,47.7300,46.6700
2014/12/11,47.1700,29060360.0000,47.0800,47.7400,46.6800
2014/12/10,46.9000,30284690.0000,47.5800,47.6600,46.7001
2014/12/09,47.5900,24326090.0000,47.1100,47.9200,47.0500
2014/12/08,47.6950,26652610.0000,48.2600,48.3500,47.4450
2014/12/05,48.4200,26705270.0000,48.8200,48.9700,48.3800
2014/12/04,48.8400,30342050.0000,48.3900,49.0600,48.2000
2014/12/03,48.0800,23528130.0000,48.4400,48.5000,47.8050
2014/12/02,48.4600,25768100.0000,48.8400,49.0500,48.2000
2014/12/01,48.6200,31187680.0000,47.8800,48.7800,47.7100
2014/11/28,47.8100,21534430.0000,47.9500,48.1950,47.6100
2014/11/26,47.7500,27162850.0000,47.4900,47.9900,47.2800
2014/11/25,47.4700,27951120.0000,47.6600,47.9700,47.4500
2014/11/24,47.5900,34266860.0000,47.9900,48.0000,47.3900
2014/11/21,47.9800,42867970.0000,49.0200,49.0500,47.5700
2014/11/20,48.7000,21486310.0000,48.0000,48.7000,47.8700
2014/11/19,48.2200,26166200.0000,48.6600,48.7549,47.9300
2014/11/18,48.7400,23938060.0000,49.1300,49.3250,48.7000
2014/11/17,49.4600,30309630.0000,49.4100,49.7050,49.1400
2014/11/14,49.5800,29074940.0000,49.7400,50.0450,49.3900
2014/11/13,49.6100,26207930.0000,48.8100,49.6450,48.7050
2014/11/12,48.7800,22721330.0000,48.5600,48.9200,48.5200
2014/11/11,48.8700,22180480.0000,48.8500,48.9300,48.6450
2014/11/10,48.8900,36364840.0000,48.6500,49.1500,48.5500
2014/11/07,48.6800,27987700.0000,48.9200,48.9200,48.2901
2014/11/06,48.7000,33033070.0000,47.8600,48.8600,47.7900
2014/11/05,47.8600,22447160.0000,47.8000,47.9000,47.2600
2014/11/04,47.5700,21287870.0000,47.3010,47.7300,47.2500
2014/11/03,47.4400,23078100.0000,46.8900,47.4600,46.7300
2014/10/31,46.9500,35826980.0000,46.9400,46.9700,46.4800
2014/10/30,46.0500,30040850.0000,46.3200,46.3200,45.7700
2014/10/29,46.6200,30274720.0000,46.4400,46.7000,46.3400
2014/10/28,46.4900,29001420.0000,45.8600,46.5000,45.7700
2014/10/27,45.9100,30319900.0000,45.7100,46.1000,45.7100
2014/10/24,46.1300,61053110.0000,46.8300,46.9000,45.1800
2014/10/23,45.0200,43844860.0000,44.6200,45.4450,44.5300
2014/10/22,44.3800,33570230.0000,45.0000,45.0700,44.2250
2014/10/21,44.8800,36234890.0000,44.3600,44.9750,44.1900
2014/10/20,44.0800,34523930.0000,43.0600,44.1400,42.8100
2014/10/17,43.6300,40654940.0000,43.2000,43.9350,42.7900
2014/10/16,42.7400,49007120.0000,42.5300,43.0800,42.2200
2014/10/15,43.2200,60188290.0000,43.0000,43.3900,42.1000
2014/10/14,43.7300,38097300.0000,43.8700,44.3800,43.5600
2014/10/13,43.6500,37020680.0000,43.8200,44.5600,43.4900
2014/10/10,44.0300,51877600.0000,45.6000,46.1200,43.9500
2014/10/09,45.8500,34422150.0000,46.5000,46.8000,45.7400
2014/10/08,46.7800,32977510.0000,45.4800,46.8900,45.3400
2014/10/07,45.5300,25617210.0000,45.8600,45.9300,45.4200
2014/10/06,46.0900,20532430.0000,46.1200,46.3000,45.9199
2014/10/03,46.0900,32351720.0000,45.9800,46.3000,45.6100
2014/10/02,45.7600,25297400.0000,45.8300,46.1000,45.6400
2014/10/01,45.9000,38050210.0000,46.2700,46.5300,45.8450
2014/09/30,46.3600,32996820.0000,46.3700,46.4763,46.0100
2014/09/29,46.4400,26057810.0000,45.9800,46.5600,45.7600
2014/09/26,46.4100,27051350.0000,45.9300,46.6200,45.7600
2014/09/25,46.0400,32927320.0000,46.8800,47.0900,46.0300
2014/09/24,47.0800,26533890.0000,46.6300,47.1100,46.3400
2014/09/23,46.5600,33386790.0000,46.8500,46.9800,46.4700
2014/09/22,47.0600,38655550.0000,47.3000,47.3800,46.9800
2014/09/19,47.5200,202514100.0000,46.8100,47.5700,46.6000
2014/09/18,46.6800,35493560.0000,46.5900,46.8300,46.4600
2014/09/17,46.5200,38247550.0000,46.2600,46.6900,46.2300
2014/09/16,46.7600,27865200.0000,46.3900,46.8500,46.2900
2014/09/15,46.2400,37630230.0000,46.5400,46.7100,46.1000
2014/09/12,46.6950,38224850.0000,46.9100,47.0200,46.6000
2014/09/11,47.0000,29201070.0000,46.7400,47.0000,46.4700
2014/09/10,46.8400,27297820.0000,46.8200,46.9400,46.2800
2014/09/09,46.7600,40248050.0000,46.4700,46.9700,46.4200
2014/09/08,46.4700,45709750.0000,46.0200,46.8000,45.9900
2014/09/05,45.9100,36687170.0000,45.1100,45.9300,45.1100
2014/09/04,45.2600,26475110.0000,44.7400,45.2700,44.7200
2014/09/03,44.9600,33662430.0000,44.5300,45.1100,44.5300
2014/09/02,45.0900,22956270.0000,45.4300,45.4600,44.8500
2014/08/29,45.4300,21577940.0000,45.0900,45.4400,44.8550
2014/08/28,44.8800,17656590.0000,44.7500,44.9800,44.6100
2014/08/27,44.8700,20822900.0000,44.9000,45.0000,44.7600
2014/08/26,45.0050,14850670.0000,45.3100,45.3950,44.9400
2014/08/25,45.1700,16815800.0000,45.4000,45.4400,45.0400
2014/08/22,45.1500,18293690.0000,45.3500,45.4700,45.0700
2014/08/21,45.2200,22272010.0000,44.8400,45.2500,44.8300
2014/08/20,44.9500,24747360.0000,45.3400,45.4000,44.9000
2014/08/19,45.3300,28087670.0000,44.9700,45.3400,44.8300
2014/08/18,45.1100,26882850.0000,44.9400,45.1100,44.6800
