Date,Time,Open,High,Low,Close,Volume,OpenInt
2017-08-03,15:35:00,169.3,169.52,169.01,169.08,422729,0
2017-08-03,15:40:00,169.1,169.17,168.54,169.14,266031,0
2017-08-03,15:45:00,169.13,169.53,169.11,169.2604,272153,0
2017-08-03,15:50:00,169.265,169.265,168.81,168.9,223246,0
2017-08-03,15:55:00,168.91,168.9919,168.3,168.3598,159836,0
2017-08-03,16:00:00,168.31,168.75,168.3,168.71,158112,0
2017-08-03,16:05:00,168.66,168.95,168.5,168.53,136768,0
2017-08-03,16:10:00,168.54,168.62,168.25,168.56,158408,0
2017-08-03,16:15:00,168.55,168.77,168.3,168.4,128270,0
2017-08-03,16:20:00,168.4,168.91,168.3,168.7908,137735,0
2017-08-03,16:25:00,168.81,169.08,168.8,169.0225,112616,0
2017-08-03,16:30:00,169.025,169.15,168.88,169,135107,0
2017-08-03,16:35:00,169.03,169.11,168.93,169.04,81563,0
2017-08-03,16:40:00,169.0341,169.17,168.9,168.92,72411,0
2017-08-03,16:45:00,168.94,169.35,168.89,169.29,185929,0
2017-08-03,16:50:00,169.3,169.49,169.15,169.21,242508,0
2017-08-03,16:55:00,169.2,169.63,169.2,169.5908,223939,0
2017-08-03,17:00:00,169.6086,169.67,169.46,169.63,174183,0
2017-08-03,17:05:00,169.61,169.61,169.21,169.4123,161072,0
2017-08-03,17:10:00,169.42,169.7,169.4181,169.65,129958,0
2017-08-03,17:15:00,169.662,169.698,169.4902,169.53,77217,0
2017-08-03,17:20:00,169.54,169.57,169.16,169.16,111880,0
2017-08-03,17:25:00,169.18,169.45,169.18,169.3444,63057,0
2017-08-03,17:30:00,169.3252,169.458,169.2668,169.458,64510,0
2017-08-03,17:35:00,169.45,169.46,168.97,169,137023,0
2017-08-03,17:40:00,169,169.13,168.96,169.03,101734,0
2017-08-03,17:45:00,169.01,169.15,168.8,168.85,135996,0
2017-08-03,17:50:00,168.855,168.87,168.72,168.76,123785,0
2017-08-03,17:55:00,168.7685,168.88,168.7635,168.8754,61867,0
2017-08-03,18:00:00,168.8754,168.93,168.7,168.77,125147,0
2017-08-03,18:05:00,168.78,169.03,168.77,168.88,63163,0
2017-08-03,18:10:00,168.85,168.89,168.6311,168.69,73641,0
2017-08-03,18:15:00,168.7,168.79,168.7,168.7513,38519,0
2017-08-03,18:20:00,168.7548,169.02,168.7548,168.99,88451,0
2017-08-03,18:25:00,168.99,169.01,168.84,168.99,61049,0
2017-08-03,18:30:00,168.99,169.14,168.99,169.12,66930,0
2017-08-03,18:35:00,169.12,169.16,169.02,169.04,61164,0
2017-08-03,18:40:00,169.04,169.14,169.03,169.1046,52054,0
2017-08-03,18:45:00,169.11,169.12,168.87,168.97,73943,0
2017-08-03,18:50:00,168.98,169.04,168.81,168.895,71701,0
2017-08-03,18:55:00,168.89,169.0701,168.89,169.01,35006,0
2017-08-03,19:00:00,169.02,169.09,168.89,168.91,46766,0
2017-08-03,19:05:00,168.91,168.96,168.81,168.9,56804,0
2017-08-03,19:10:00,168.9,168.91,168.64,168.7001,77505,0
2017-08-03,19:15:00,168.69,168.74,168.64,168.68,48713,0
2017-08-03,19:20:00,168.66,168.83,168.65,168.8,54164,0
2017-08-03,19:25:00,168.795,168.85,168.71,168.74,30220,0
2017-08-03,19:30:00,168.74,168.77,168.53,168.6438,133074,0
2017-08-03,19:35:00,168.65,168.78,168.59,168.7399,90027,0
2017-08-03,19:40:00,168.73,168.81,168.67,168.79,88338,0
2017-08-03,19:45:00,168.8,168.95,168.7862,168.9,54410,0
2017-08-03,19:50:00,168.9,168.9723,168.86,168.88,56504,0
2017-08-03,19:55:00,168.88,168.98,168.84,168.9345,75200,0
2017-08-03,20:00:00,168.92,168.96,168.831,168.85,38742,0
2017-08-03,20:05:00,168.86,169.0697,168.84,169.0328,43267,0
2017-08-03,20:10:00,169.02,169.07,168.94,169.07,44585,0
2017-08-03,20:15:00,169.06,169.08,168.86,168.9,47266,0
2017-08-03,20:20:00,168.89,168.97,168.8203,168.87,52124,0
2017-08-03,20:25:00,168.89,169.015,168.87,169,38199,0
2017-08-03,20:30:00,169,169.05,168.93,169.0339,53620,0
2017-08-03,20:35:00,169.03,169.04,168.9,168.93,48976,0
2017-08-03,20:40:00,168.935,169.04,168.92,168.93,51646,0
2017-08-03,20:45:00,168.93,168.94,168.705,168.75,85993,0
2017-08-03,20:50:00,168.7401,168.87,168.7401,168.8302,46049,0
2017-08-03,20:55:00,168.85,168.89,168.61,168.62,90827,0
2017-08-03,21:00:00,168.61,168.85,168.61,168.8464,94333,0
2017-08-03,21:05:00,168.85,168.91,168.815,168.86,50759,0
2017-08-03,21:10:00,168.84,168.93,168.82,168.86,51063,0
2017-08-03,21:15:00,168.87,169.02,168.7,168.98,91430,0
2017-08-03,21:20:00,168.99,169.06,168.95,169.03,61458,0
2017-08-03,21:25:00,169.02,169.11,168.99,168.99,71305,0
2017-08-03,21:30:00,168.99,169.0799,168.98,169.06,90586,0
2017-08-03,21:35:00,169.065,169.065,168.34,168.6,290300,0
2017-08-03,21:40:00,168.6,168.81,168.45,168.7513,183831,0
2017-08-03,21:45:00,168.75,168.77,168.46,168.5974,133920,0
2017-08-03,21:50:00,168.6,168.65,168.46,168.6,136482,0
2017-08-03,21:55:00,168.6,168.63,168.445,168.515,181984,0
2017-08-03,22:00:00,168.52,168.65,168.43,168.59,771912,0
2017-08-04,15:35:00,168.95,169.18,168.69,169.1634,221831,0
2017-08-04,15:40:00,169.16,169.64,169.16,169.3854,271295,0
2017-08-04,15:45:00,169.38,169.867,169.265,169.73,359339,0
2017-08-04,15:50:00,169.73,169.94,169.7,169.75,233579,0
2017-08-04,15:55:00,169.733,169.85,169.59,169.72,218985,0
2017-08-04,16:00:00,169.7292,169.7292,169.16,169.2273,258129,0
2017-08-04,16:05:00,169.25,169.54,169.04,169.1026,196671,0
2017-08-04,16:10:00,169.11,169.28,168.89,168.95,314776,0
2017-08-04,16:15:00,168.95,169.24,168.94,169.17,170982,0
2017-08-04,16:20:00,169.14,169.52,168.93,169.52,170690,0
2017-08-04,16:25:00,169.48,169.53,169.2417,169.28,146063,0
2017-08-04,16:30:00,169.29,169.66,169.28,169.6261,128069,0
2017-08-04,16:35:00,169.625,169.73,169.5532,169.66,124186,0
2017-08-04,16:40:00,169.6734,169.8,169.59,169.79,150208,0
2017-08-04,16:45:00,169.78,169.82,169.62,169.66,95851,0
2017-08-04,16:50:00,169.68,169.89,169.68,169.8645,115912,0
2017-08-04,16:55:00,169.87,169.98,169.56,169.63,197272,0
2017-08-04,17:00:00,169.63,169.79,169.62,169.71,61507,0
2017-08-04,17:05:00,169.73,169.8972,169.66,169.8972,93324,0
2017-08-04,17:10:00,169.9,169.95,169.63,169.64,76158,0
2017-08-04,17:15:00,169.65,169.79,169.56,169.74,67418,0
2017-08-04,17:20:00,169.77,170.03,169.77,170.01,203333,0
2017-08-04,17:25:00,170.015,170.06,169.83,169.94,206456,0
2017-08-04,17:30:00,169.935,169.96,169.73,169.84,78860,0
2017-08-04,17:35:00,169.83,169.97,169.68,169.74,84625,0
2017-08-04,17:40:00,169.72,169.81,169.65,169.81,65606,0
2017-08-04,17:45:00,169.81,169.8662,169.7001,169.7001,64270,0
2017-08-04,17:50:00,169.73,169.7799,169.3549,169.3549,165075,0
2017-08-04,17:55:00,169.355,169.5299,169.34,169.39,76489,0
2017-08-04,18:00:00,169.39,169.44,169.17,169.43,105016,0
2017-08-04,18:05:00,169.44,169.49,169.23,169.29,57875,0
2017-08-04,18:10:00,169.29,169.4,169.26,169.3462,31489,0
2017-08-04,18:15:00,169.34,169.36,168.91,168.95,93935,0
2017-08-04,18:20:00,168.98,169.0926,168.91,168.9912,75602,0
2017-08-04,18:25:00,169,169.03,168.85,168.88,85587,0
2017-08-04,18:30:00,168.88,169.1699,168.8742,169.11,79973,0
2017-08-04,18:35:00,169.12,169.18,169.04,169.06,87864,0
2017-08-04,18:40:00,169.03,169.04,168.85,168.93,128738,0
2017-08-04,18:45:00,168.96,169.05,168.93,169.0232,63116,0
2017-08-04,18:50:00,169.0399,169.31,169.01,169.17,71183,0
2017-08-04,18:55:00,169.19,169.38,169.1812,169.35,52701,0
2017-08-04,19:00:00,169.35,169.45,169.35,169.3969,72295,0
2017-08-04,19:05:00,169.405,169.5599,169.39,169.43,66775,0
2017-08-04,19:10:00,169.44,169.46,169.2148,169.37,67416,0
2017-08-04,19:15:00,169.39,169.41,169.17,169.23,44892,0
2017-08-04,19:20:00,169.24,169.29,169.12,169.27,38839,0
2017-08-04,19:25:00,169.27,169.4,169.27,169.33,46909,0
2017-08-04,19:30:00,169.33,169.36,169.1744,169.25,47636,0
2017-08-04,19:35:00,169.25,169.44,169.25,169.3974,28217,0
2017-08-04,19:40:00,169.3972,169.44,169.29,169.31,44033,0
2017-08-04,19:45:00,169.32,169.37,169.01,169.3,114922,0
2017-08-04,19:50:00,169.315,169.37,169.25,169.31,34648,0
2017-08-04,19:55:00,169.33,169.4,169.31,169.3599,47691,0
2017-08-04,20:00:00,169.3401,169.4,169.28,169.28,44602,0
2017-08-04,20:05:00,169.26,169.4,169.24,169.31,25601,0
2017-08-04,20:10:00,169.31,169.38,169.3,169.3547,42590,0
2017-08-04,20:15:00,169.36,169.39,169.295,169.38,58687,0
2017-08-04,20:20:00,169.37,169.4,169.31,169.37,34727,0
2017-08-04,20:25:00,169.38,169.38,169.31,169.31,48276,0
2017-08-04,20:30:00,169.3299,169.36,169.14,169.1401,66867,0
2017-08-04,20:35:00,169.17,169.19,169.07,169.1483,40875,0
2017-08-04,20:40:00,169.15,169.19,169.06,169.14,65335,0
2017-08-04,20:45:00,169.14,169.17,169.08,169.15,47348,0
2017-08-04,20:50:00,169.181,169.39,169.18,169.38,87222,0
2017-08-04,20:55:00,169.3747,169.41,169.3,169.32,52217,0
2017-08-04,21:00:00,169.3432,169.37,169.26,169.28,29077,0
2017-08-04,21:05:00,169.28,169.3638,169.235,169.31,61952,0
2017-08-04,21:10:00,169.301,169.39,169.29,169.3501,40291,0
2017-08-04,21:15:00,169.3601,169.4235,169.3238,169.36,57144,0
2017-08-04,21:20:00,169.37,169.44,169.28,169.29,71083,0
2017-08-04,21:25:00,169.29,169.35,169.28,169.31,43601,0
2017-08-04,21:30:00,169.31,169.4,169.3,169.37,72150,0
2017-08-04,21:35:00,169.37,169.37,169.18,169.27,110725,0
2017-08-04,21:40:00,169.28,169.28,169.13,169.23,120475,0
2017-08-04,21:45:00,169.24,169.25,169.175,169.22,78281,0
2017-08-04,21:50:00,169.21,169.255,169.13,169.13,83827,0
2017-08-04,21:55:00,169.14,169.5,169.14,169.5,330597,0
2017-08-04,22:00:00,169.48,169.62,169.45,169.62,1007740,0
2017-08-07,15:35:00,169.95,170.19,169.66,169.8097,386340,0
2017-08-07,15:40:00,169.8025,170.28,169.8025,170.11,252064,0
2017-08-07,15:45:00,170.15,170.28,169.67,170.2392,271751,0
2017-08-07,15:50:00,170.25,170.46,170.13,170.2446,245870,0
2017-08-07,15:55:00,170.24,170.34,170.01,170.17,172859,0
2017-08-07,16:00:00,170.165,170.34,170.05,170.23,171727,0
2017-08-07,16:05:00,170.24,170.46,170.23,170.46,168999,0
2017-08-07,16:10:00,170.47,170.74,170.4524,170.6,311846,0
2017-08-07,16:15:00,170.61,170.69,170.5,170.65,149533,0
2017-08-07,16:20:00,170.63,170.8,170.55,170.7722,223045,0
2017-08-07,16:25:00,170.76,171.33,170.76,171.29,527669,0
2017-08-07,16:30:00,171.297,171.35,170.73,170.75,576871,0
2017-08-07,16:35:00,170.75,170.96,170.69,170.91,209468,0
2017-08-07,16:40:00,170.92,171.04,170.85,170.9868,156069,0
2017-08-07,16:45:00,170.98,171.08,170.86,170.86,116419,0
2017-08-07,16:50:00,170.8825,171.17,170.79,171.0499,224431,0
2017-08-07,16:55:00,171.04,171.19,171.02,171.1466,104085,0
2017-08-07,17:00:00,171.14,171.25,171.1,171.1755,204323,0
2017-08-07,17:05:00,171.15,171.319,171,171.28,190545,0
2017-08-07,17:10:00,171.27,171.42,171.25,171.415,202016,0
2017-08-07,17:15:00,171.415,171.64,171.415,171.49,378866,0
2017-08-07,17:20:00,171.4986,171.5499,171.38,171.38,102838,0
2017-08-07,17:25:00,171.385,171.62,171.36,171.62,101875,0
2017-08-07,17:30:00,171.62,171.77,171.58,171.7165,208948,0
2017-08-07,17:35:00,171.73,171.84,171.7123,171.75,160760,0
2017-08-07,17:40:00,171.755,171.77,171.55,171.68,114349,0
2017-08-07,17:45:00,171.68,171.75,171.56,171.6762,115467,0
2017-08-07,17:50:00,171.675,171.99,171.67,171.9,172034,0
2017-08-07,17:55:00,171.93,171.94,171.81,171.82,92623,0
2017-08-07,18:00:00,171.8124,171.91,171.755,171.78,51810,0
2017-08-07,18:05:00,171.7774,171.89,171.7728,171.89,55153,0
2017-08-07,18:10:00,171.875,171.875,171.77,171.7804,59782,0
2017-08-07,18:15:00,171.78,171.86,171.67,171.67,75491,0
2017-08-07,18:20:00,171.67,171.6826,171.425,171.4363,128932,0
2017-08-07,18:25:00,171.4354,171.68,171.41,171.67,89100,0
2017-08-07,18:30:00,171.67,171.7732,171.67,171.73,99714,0
2017-08-07,18:35:00,171.73,171.78,171.5,171.548,85785,0
2017-08-07,18:40:00,171.54,171.58,171.42,171.4514,83146,0
2017-08-07,18:45:00,171.4487,171.4548,171.27,171.2762,96286,0
2017-08-07,18:50:00,171.27,171.5896,171.27,171.5896,182971,0
2017-08-07,18:55:00,171.57,171.5882,171.44,171.51,101921,0
2017-08-07,19:00:00,171.5,171.59,171.4937,171.56,74438,0
2017-08-07,19:05:00,171.5614,171.72,171.53,171.6735,132884,0
2017-08-07,19:10:00,171.66,171.69,171.54,171.6056,45789,0
2017-08-07,19:15:00,171.6,171.65,171.5301,171.57,48187,0
2017-08-07,19:20:00,171.57,171.57,171.31,171.349,49930,0
2017-08-07,19:25:00,171.33,171.44,171.31,171.37,54331,0
2017-08-07,19:30:00,171.38,171.49,171.3745,171.44,44210,0
2017-08-07,19:35:00,171.43,171.48,171.39,171.4,24544,0
2017-08-07,19:40:00,171.41,171.45,171.2361,171.2361,56405,0
2017-08-07,19:45:00,171.223,171.3751,171.2,171.3751,55561,0
2017-08-07,19:50:00,171.37,171.4,171.3,171.39,56388,0
2017-08-07,19:55:00,171.39,171.4,171.27,171.29,52101,0
2017-08-07,20:00:00,171.285,171.385,171.25,171.375,62724,0
2017-08-07,20:05:00,171.375,171.465,171.32,171.32,52300,0
2017-08-07,20:10:00,171.33,171.43,171.329,171.4,35569,0
2017-08-07,20:15:00,171.4,171.46,171.36,171.39,31206,0
2017-08-07,20:20:00,171.3963,171.43,171.36,171.36,43129,0
2017-08-07,20:25:00,171.369,171.4,171.3,171.38,35291,0
2017-08-07,20:30:00,171.383,171.4484,171.34,171.36,56817,0
2017-08-07,20:35:00,171.36,171.51,171.36,171.49,57944,0
2017-08-07,20:40:00,171.51,171.64,171.48,171.63,59599,0
2017-08-07,20:45:00,171.61,171.63,171.55,171.58,73807,0
2017-08-07,20:50:00,171.58,171.6056,171.46,171.54,66502,0
2017-08-07,20:55:00,171.53,171.65,171.53,171.63,56692,0
2017-08-07,21:00:00,171.62,171.6369,171.54,171.59,59122,0
2017-08-07,21:05:00,171.59,171.6,171.4536,171.48,61473,0
2017-08-07,21:10:00,171.485,171.52,171.38,171.39,78820,0
2017-08-07,21:15:00,171.4001,171.46,171.35,171.45,55838,0
2017-08-07,21:20:00,171.46,171.51,171.37,171.4,66353,0
2017-08-07,21:25:00,171.4,171.475,171.39,171.45,51588,0
2017-08-07,21:30:00,171.4478,171.75,171.42,171.71,95816,0
2017-08-07,21:35:00,171.7,171.72,171.56,171.61,127341,0
2017-08-07,21:40:00,171.61,171.62,171.52,171.57,88955,0
2017-08-07,21:45:00,171.57,171.75,171.56,171.745,108714,0
2017-08-07,21:50:00,171.74,171.75,171.66,171.73,120361,0
2017-08-07,21:55:00,171.74,171.9532,171.74,171.951,393877,0
2017-08-07,22:00:00,171.95,172.06,171.94,171.96,618447,0
2017-08-08,15:35:00,171.88,172.59,171.81,172.2514,629049,0
2017-08-08,15:40:00,172.25,172.32,171.34,171.67,503437,0
2017-08-08,15:45:00,171.71,171.95,171.5128,171.58,221643,0
2017-08-08,15:50:00,171.57,171.83,171.43,171.7099,216685,0
2017-08-08,15:55:00,171.68,172.069,171.64,171.92,253139,0
2017-08-08,16:00:00,171.91,171.99,171.72,171.77,156784,0
2017-08-08,16:05:00,171.79,171.8593,171.5,171.51,168508,0
2017-08-08,16:10:00,171.5186,171.819,171.5186,171.7417,107436,0
2017-08-08,16:15:00,171.74,171.83,171.59,171.64,152325,0
2017-08-08,16:20:00,171.66,171.7,171.44,171.5687,177395,0
2017-08-08,16:25:00,171.58,171.6896,171.46,171.62,116354,0
2017-08-08,16:30:00,171.6168,171.71,171.5,171.65,120365,0
2017-08-08,16:35:00,171.6535,171.6535,171.43,171.58,116836,0
2017-08-08,16:40:00,171.59,172.019,171.59,171.95,226989,0
2017-08-08,16:45:00,171.95,171.97,171.8,171.85,86467,0
2017-08-08,16:50:00,171.87,171.98,171.73,171.755,146158,0
2017-08-08,16:55:00,171.76,171.96,171.76,171.87,107958,0
2017-08-08,17:00:00,171.85,171.97,171.833,171.91,93845,0
2017-08-08,17:05:00,171.9,171.955,171.62,171.6932,131137,0
2017-08-08,17:10:00,171.6922,171.78,171.68,171.74,123177,0
2017-08-08,17:15:00,171.73,171.77,171.56,171.575,115223,0
2017-08-08,17:20:00,171.57,171.74,171.55,171.65,87934,0
2017-08-08,17:25:00,171.651,171.68,171.51,171.515,89138,0
2017-08-08,17:30:00,171.51,171.61,171.51,171.57,68099,0
2017-08-08,17:35:00,171.57,171.935,171.55,171.92,146156,0
2017-08-08,17:40:00,171.919,171.96,171.88,171.931,85307,0
2017-08-08,17:45:00,171.9373,172.22,171.9371,172.1899,140331,0
2017-08-08,17:50:00,172.189,172.44,172.15,172.41,162898,0
2017-08-08,17:55:00,172.44,172.67,172.39,172.6,221563,0
2017-08-08,18:00:00,172.6,172.73,172.5,172.73,177384,0
2017-08-08,18:05:00,172.7152,172.83,172.55,172.75,200094,0
2017-08-08,18:10:00,172.77,172.87,172.6,172.8171,214800,0
2017-08-08,18:15:00,172.801,172.93,172.77,172.88,111582,0
2017-08-08,18:20:00,172.88,173.05,172.81,172.87,363017,0
2017-08-08,18:25:00,172.87,173.02,172.8,172.99,182638,0
2017-08-08,18:30:00,173,173.05,172.94,172.94,132935,0
2017-08-08,18:35:00,172.94,172.9897,172.74,172.7983,113110,0
2017-08-08,18:40:00,172.8,172.88,172.66,172.73,92654,0
2017-08-08,18:45:00,172.73,172.94,172.72,172.91,78933,0
2017-08-08,18:50:00,172.91,172.92,172.78,172.85,87167,0
2017-08-08,18:55:00,172.8416,172.975,172.8,172.97,100305,0
2017-08-08,19:00:00,172.9547,172.99,172.88,172.905,66751,0
2017-08-08,19:05:00,172.9,172.9,172.6,172.67,222455,0
2017-08-08,19:10:00,172.6724,172.81,172.6306,172.8,81774,0
2017-08-08,19:15:00,172.7972,172.98,172.7965,172.93,84373,0
2017-08-08,19:20:00,172.93,172.99,172.89,172.97,67226,0
2017-08-08,19:25:00,172.9518,173,172.91,172.97,55562,0
2017-08-08,19:30:00,172.975,172.99,172.58,172.5954,114072,0
2017-08-08,19:35:00,172.59,172.6553,172.36,172.595,235414,0
2017-08-08,19:40:00,172.595,172.65,172.39,172.6489,123619,0
2017-08-08,19:45:00,172.64,172.72,172.54,172.7,77700,0
2017-08-08,19:50:00,172.7,172.819,172.6498,172.7752,84583,0
2017-08-08,19:55:00,172.8,172.84,172.66,172.69,69030,0
2017-08-08,20:00:00,172.7,172.78,172.68,172.7248,44282,0
2017-08-08,20:05:00,172.74,172.78,172.67,172.73,41772,0
2017-08-08,20:10:00,172.73,172.79,172.59,172.62,66319,0
2017-08-08,20:15:00,172.64,172.72,172.6099,172.6625,62954,0
2017-08-08,20:20:00,172.66,172.695,172.5884,172.66,90023,0
2017-08-08,20:25:00,172.66,172.83,172.63,172.76,97006,0
2017-08-08,20:30:00,172.76,172.79,172.65,172.7177,50454,0
2017-08-08,20:35:00,172.72,172.7544,172.69,172.7,44489,0
2017-08-08,20:40:00,172.705,172.72,172.54,172.6,108868,0
2017-08-08,20:45:00,172.61,172.67,172.47,172.48,101855,0
2017-08-08,20:50:00,172.485,172.49,172.2694,172.2999,116378,0
2017-08-08,20:55:00,172.28,172.34,172.17,172.1799,87261,0
2017-08-08,21:00:00,172.18,172.26,172.11,172.2,78131,0
2017-08-08,21:05:00,172.2048,172.25,172.02,172.02,111709,0
2017-08-08,21:10:00,172.0201,172.16,171.91,172.07,129021,0
2017-08-08,21:15:00,172.061,172.16,172.01,172.09,69850,0
2017-08-08,21:20:00,172.1,172.14,171.98,172.14,53825,0
2017-08-08,21:25:00,172.15,172.16,171.78,171.8099,105342,0
2017-08-08,21:30:00,171.7846,171.89,171.17,171.57,330083,0
2017-08-08,21:35:00,171.575,171.575,170.951,171.15,336292,0
2017-08-08,21:40:00,171.14,171.15,170.62,171.0274,348096,0
2017-08-08,21:45:00,171.04,171.14,170.64,170.675,307359,0
2017-08-08,21:50:00,170.67,171.15,170.66,170.978,265343,0
2017-08-08,21:55:00,170.97,171.2,170.9,171.1894,289135,0
2017-08-08,22:00:00,171.2,171.33,171,171.23,867945,0
2017-08-09,15:35:00,169.98,170.35,169.65,169.87,742224,0
2017-08-09,15:40:00,169.88,170.4,169.84,170.1308,236173,0
2017-08-09,15:45:00,170.14,170.37,169.56,169.97,404583,0
2017-08-09,15:50:00,169.931,170.25,169.73,170.155,188496,0
2017-08-09,15:55:00,170.17,170.54,169.83,170.49,213429,0
2017-08-09,16:00:00,170.513,170.87,170.48,170.67,251272,0
2017-08-09,16:05:00,170.67,170.74,170.18,170.235,175790,0
2017-08-09,16:10:00,170.2599,170.55,170.15,170.52,155944,0
2017-08-09,16:15:00,170.55,170.78,170.4,170.4905,160515,0
2017-08-09,16:20:00,170.5,170.8,170.4553,170.68,135842,0
2017-08-09,16:25:00,170.68,170.95,170.6,170.8523,144401,0
2017-08-09,16:30:00,170.8401,170.8852,170.59,170.61,159723,0
2017-08-09,16:35:00,170.6527,171.02,170.51,170.98,188279,0
2017-08-09,16:40:00,170.9974,171.21,170.96,171.209,173378,0
2017-08-09,16:45:00,171.21,171.25,171.05,171.175,202640,0
2017-08-09,16:50:00,171.16,171.24,170.92,171.01,125031,0
2017-08-09,16:55:00,171,171.205,170.9,171.187,91472,0
2017-08-09,17:00:00,171.19,171.33,171.15,171.22,149940,0
2017-08-09,17:05:00,171.2159,171.23,171.01,171.1801,109510,0
2017-08-09,17:10:00,171.19,171.3,171.12,171.12,103497,0
2017-08-09,17:15:00,171.1205,171.1205,170.81,170.92,136120,0
2017-08-09,17:20:00,170.9,171.05,170.64,170.69,103632,0
2017-08-09,17:25:00,170.69,170.97,170.67,170.84,81942,0
2017-08-09,17:30:00,170.83,170.95,170.68,170.74,90743,0
2017-08-09,17:35:00,170.745,171.04,170.745,170.9492,60569,0
2017-08-09,17:40:00,170.91,171.0286,170.86,171.0286,74011,0
2017-08-09,17:45:00,171.02,171.1,170.95,171,77329,0
2017-08-09,17:50:00,170.99,171.0299,170.8,170.99,63250,0
2017-08-09,17:55:00,170.985,171.41,170.965,171.34,113088,0
2017-08-09,18:00:00,171.34,171.45,171.3,171.44,80746,0
2017-08-09,18:05:00,171.44,171.44,171.16,171.18,89114,0
2017-08-09,18:10:00,171.18,171.19,170.91,170.97,74344,0
2017-08-09,18:15:00,170.9501,171.21,170.9501,171.1501,56894,0
2017-08-09,18:20:00,171.1688,171.32,171.15,171.23,62762,0
2017-08-09,18:25:00,171.21,171.44,171.21,171.33,68978,0
2017-08-09,18:30:00,171.33,171.41,171.29,171.33,48521,0
2017-08-09,18:35:00,171.33,171.39,171.26,171.33,50432,0
2017-08-09,18:40:00,171.34,171.4,171.17,171.17,50644,0
2017-08-09,18:45:00,171.18,171.2711,171.13,171.23,36175,0
2017-08-09,18:50:00,171.24,171.26,171,171.032,60415,0
2017-08-09,18:55:00,171.04,171.1,170.93,170.95,51870,0
2017-08-09,19:00:00,170.95,170.97,170.82,170.83,61258,0
2017-08-09,19:05:00,170.83,170.84,170.69,170.75,118350,0
2017-08-09,19:10:00,170.755,170.77,170.61,170.75,95184,0
2017-08-09,19:15:00,170.78,170.78,170.61,170.7,46638,0
2017-08-09,19:20:00,170.7,170.81,170.58,170.71,89381,0
2017-08-09,19:25:00,170.72,170.87,170.7,170.77,57361,0
2017-08-09,19:30:00,170.7667,170.7667,170.59,170.7027,66000,0
2017-08-09,19:35:00,170.6927,170.79,170.585,170.59,38190,0
2017-08-09,19:40:00,170.59,170.61,170.46,170.488,95862,0
2017-08-09,19:45:00,170.5,170.77,170.485,170.71,92539,0
2017-08-09,19:50:00,170.71,170.84,170.7,170.7999,66118,0
2017-08-09,19:55:00,170.78,170.8999,170.78,170.8693,47375,0
2017-08-09,20:00:00,170.8664,170.87,170.69,170.85,55829,0
2017-08-09,20:05:00,170.84,170.8859,170.75,170.82,50557,0
2017-08-09,20:10:00,170.81,170.81,170.65,170.704,63821,0
2017-08-09,20:15:00,170.71,170.77,170.57,170.67,94594,0
2017-08-09,20:20:00,170.66,170.7,170.54,170.54,44901,0
2017-08-09,20:25:00,170.56,170.7564,170.55,170.73,46835,0
2017-08-09,20:30:00,170.73,170.79,170.61,170.6962,52114,0
2017-08-09,20:35:00,170.7,170.77,170.46,170.5451,79380,0
2017-08-09,20:40:00,170.54,170.6498,170.51,170.6,45285,0
2017-08-09,20:45:00,170.6124,170.71,170.59,170.635,48932,0
2017-08-09,20:50:00,170.65,170.65,170.31,170.45,88478,0
2017-08-09,20:55:00,170.46,170.56,170.356,170.56,50914,0
2017-08-09,21:00:00,170.54,170.7199,170.49,170.69,75077,0
2017-08-09,21:05:00,170.7,170.78,170.66,170.7596,68673,0
2017-08-09,21:10:00,170.765,170.8,170.48,170.54,61937,0
2017-08-09,21:15:00,170.5453,170.744,170.5453,170.735,39998,0
2017-08-09,21:20:00,170.73,171.01,170.68,170.9707,109334,0
2017-08-09,21:25:00,170.97,171.05,170.9049,171.05,49744,0
2017-08-09,21:30:00,171.05,171.1,170.85,170.9,65232,0
2017-08-09,21:35:00,170.9,170.9172,170.7542,170.86,54259,0
2017-08-09,21:40:00,170.855,171.12,170.82,171.06,100009,0
2017-08-09,21:45:00,171.04,171.21,171.04,171.2,125849,0
2017-08-09,21:50:00,171.185,171.28,171.14,171.25,108007,0
2017-08-09,21:55:00,171.25,171.31,171.06,171.14,239381,0
2017-08-09,22:00:00,171.13,171.23,171.08,171.18,941379,0
2017-08-10,15:35:00,170.06,170.53,169.65,170.53,875132,0
2017-08-10,15:40:00,170.52,170.59,170.03,170.03,287250,0
2017-08-10,15:45:00,170.0492,170.0592,169.15,169.224,571899,0
2017-08-10,15:50:00,169.2,169.31,168.81,168.9999,381750,0
2017-08-10,15:55:00,169,169.42,168.87,169.25,303678,0
2017-08-10,16:00:00,169.26,169.27,168.8503,169.0622,250263,0
2017-08-10,16:05:00,169.08,169.2297,168.2034,168.25,440058,0
2017-08-10,16:10:00,168.2697,168.42,167.8533,168.3097,532683,0
2017-08-10,16:15:00,168.32,168.7125,167.97,168.63,354352,0
2017-08-10,16:20:00,168.63,169.05,168.63,168.8808,305439,0
2017-08-10,16:25:00,168.91,169.22,168.81,168.94,320862,0
2017-08-10,16:30:00,168.93,169.3426,168.72,169.34,194852,0
2017-08-10,16:35:00,169.34,169.45,169.04,169.1586,157761,0
2017-08-10,16:40:00,169.16,169.26,169.01,169.195,96825,0
2017-08-10,16:45:00,169.21,169.29,168.9593,168.99,106312,0
2017-08-10,16:50:00,169.005,169.18,168.91,168.9201,105326,0
2017-08-10,16:55:00,168.935,169.06,168.88,168.91,65581,0
2017-08-10,17:00:00,168.91,168.97,168.75,168.7856,104571,0
2017-08-10,17:05:00,168.77,168.87,168.63,168.7,154680,0
2017-08-10,17:10:00,168.7,169.01,168.6944,169,87695,0
2017-08-10,17:15:00,169,169.0411,168.88,168.89,167338,0
2017-08-10,17:20:00,168.88,168.88,168.345,168.4515,209193,0
2017-08-10,17:25:00,168.445,168.45,168.08,168.12,143454,0
2017-08-10,17:30:00,168.1192,168.43,168.0411,168.43,201719,0
2017-08-10,17:35:00,168.4245,168.6,168.25,168.35,206964,0
2017-08-10,17:40:00,168.3344,168.61,168.1795,168.6,171845,0
2017-08-10,17:45:00,168.5801,168.6,168.0541,168.075,221402,0
2017-08-10,17:50:00,168.09,168.27,167.91,168.02,260897,0
2017-08-10,17:55:00,168.02,168.19,167.73,167.83,323703,0
2017-08-10,18:00:00,167.85,168,167.56,167.7296,240219,0
2017-08-10,18:05:00,167.7357,167.7531,167.5,167.67,222871,0
2017-08-10,18:10:00,167.66,167.96,167.4301,167.9535,261174,0
2017-08-10,18:15:00,167.95,168.13,167.89,167.97,169014,0
2017-08-10,18:20:00,167.9848,168,167.51,167.67,174230,0
2017-08-10,18:25:00,167.67,167.76,167.5,167.5947,158423,0
2017-08-10,18:30:00,167.59,167.78,167.35,167.61,273013,0
2017-08-10,18:35:00,167.62,167.65,167.02,167.2413,255315,0
2017-08-10,18:40:00,167.25,167.3,166.85,167.24,348710,0
2017-08-10,18:45:00,167.24,167.5,167.16,167.45,223364,0
2017-08-10,18:50:00,167.4576,167.95,167.4,167.9001,210678,0
2017-08-10,18:55:00,167.9,168.08,167.6159,168.05,161413,0
2017-08-10,19:00:00,168.02,168.06,167.87,168.0077,129782,0
2017-08-10,19:05:00,168.007,168.255,167.99,168.25,142358,0
2017-08-10,19:10:00,168.25,168.25,167.99,168.2002,118054,0
2017-08-10,19:15:00,168.2,168.43,168.1,168.25,158394,0
2017-08-10,19:20:00,168.235,168.235,167.96,168.17,96656,0
2017-08-10,19:25:00,168.18,168.55,168.1,168.4686,177077,0
2017-08-10,19:30:00,168.48,168.51,168.36,168.45,86652,0
2017-08-10,19:35:00,168.45,168.54,168.32,168.38,121329,0
2017-08-10,19:40:00,168.3831,168.39,168.18,168.19,83875,0
2017-08-10,19:45:00,168.2,168.22,167.8,167.8234,115993,0
2017-08-10,19:50:00,167.84,168.05,167.82,168.05,116992,0
2017-08-10,19:55:00,168.03,168.16,167.9,167.9293,130767,0
2017-08-10,20:00:00,167.95,168.117,167.77,168.0484,125585,0
2017-08-10,20:05:00,168.03,168.07,167.69,167.87,94026,0
2017-08-10,20:10:00,167.89,168.03,167.72,167.925,53922,0
2017-08-10,20:15:00,167.93,168.36,167.93,168.31,115317,0
2017-08-10,20:20:00,168.3177,168.6,168.23,168.59,148725,0
2017-08-10,20:25:00,168.59,168.63,168.26,168.39,172801,0
2017-08-10,20:30:00,168.39,168.49,168.33,168.49,79315,0
2017-08-10,20:35:00,168.49,168.82,168.4713,168.6512,282153,0
2017-08-10,20:40:00,168.65,168.67,168.33,168.33,143641,0
2017-08-10,20:45:00,168.3549,168.38,168.05,168.26,143012,0
2017-08-10,20:50:00,168.26,168.48,168.18,168.45,95404,0
2017-08-10,20:55:00,168.45,168.535,168.27,168.31,101311,0
2017-08-10,21:00:00,168.32,168.37,168.17,168.34,88453,0
2017-08-10,21:05:00,168.33,168.5,168.1771,168.215,90113,0
2017-08-10,21:10:00,168.19,168.25,168.06,168.1194,136745,0
2017-08-10,21:15:00,168.12,168.13,167.7021,167.82,182433,0
2017-08-10,21:20:00,167.835,167.835,167.53,167.77,214842,0
2017-08-10,21:25:00,167.76,167.81,167.43,167.72,189802,0
2017-08-10,21:30:00,167.71,167.85,167.45,167.7358,174365,0
2017-08-10,21:35:00,167.731,167.85,167.33,167.49,191618,0
2017-08-10,21:40:00,167.49,167.54,167.06,167.07,232583,0
2017-08-10,21:45:00,167.0892,167.39,167.07,167.24,256869,0
2017-08-10,21:50:00,167.21,167.49,167.0769,167.1537,414594,0
2017-08-10,21:55:00,167.15,167.48,167.13,167.42,388959,0
2017-08-10,22:00:00,167.41,167.5,167.26,167.4,1186424,0
2017-08-11,15:35:00,167.95,168.3999,167.49,168.0128,760685,0
2017-08-11,15:40:00,168.0184,168.06,167.4,167.42,462735,0
2017-08-11,15:45:00,167.41,167.63,167.1,167.36,412469,0
2017-08-11,15:50:00,167.36,167.38,166.85,167.13,342163,0
2017-08-11,15:55:00,167.16,167.68,167.1328,167.61,320659,0
2017-08-11,16:00:00,167.595,167.88,167.44,167.68,254759,0
2017-08-11,16:05:00,167.65,167.84,167.4736,167.82,216110,0
2017-08-11,16:10:00,167.8,168.49,167.8,168.4645,309807,0
2017-08-11,16:15:00,168.49,168.82,168.08,168.11,354400,0
2017-08-11,16:20:00,168.1011,168.25,167.92,168.0175,176855,0
2017-08-11,16:25:00,168.04,168.35,167.9597,168.07,173485,0
2017-08-11,16:30:00,168.055,168.22,167.7503,167.982,150840,0
2017-08-11,16:35:00,167.978,168.18,167.7584,168.05,154719,0
2017-08-11,16:40:00,168.03,168.27,167.99,168.12,190149,0
2017-08-11,16:45:00,168.11,168.3423,168.11,168.23,112789,0
2017-08-11,16:50:00,168.24,168.51,168.1,168.1701,155955,0
2017-08-11,16:55:00,168.19,168.25,168.02,168.05,89546,0
2017-08-11,17:00:00,168.04,168.09,167.9,167.98,210112,0
2017-08-11,17:05:00,167.9725,168.04,167.71,167.76,151436,0
2017-08-11,17:10:00,167.77,167.84,167.7,167.705,103960,0
2017-08-11,17:15:00,167.705,167.94,167.6899,167.885,128841,0
2017-08-11,17:20:00,167.875,167.99,167.76,167.77,110219,0
2017-08-11,17:25:00,167.76,167.87,167.5,167.8,197194,0
2017-08-11,17:30:00,167.7907,167.862,167.5104,167.53,96529,0
2017-08-11,17:35:00,167.53,167.65,167.36,167.55,220344,0
2017-08-11,17:40:00,167.56,167.83,167.55,167.82,132677,0
2017-08-11,17:45:00,167.83,167.99,167.65,167.9792,101527,0
2017-08-11,17:50:00,167.96,168.27,167.96,167.97,268953,0
2017-08-11,17:55:00,167.95,168.1,167.88,167.93,81614,0
2017-08-11,18:00:00,167.91,167.93,167.81,167.897,47846,0
2017-08-11,18:05:00,167.86,168.08,167.79,168.0239,101945,0
2017-08-11,18:10:00,168.0479,168.195,168.02,168.1697,81997,0
2017-08-11,18:15:00,168.16,168.27,168.1,168.19,107215,0
2017-08-11,18:20:00,168.19,168.25,168.01,168.12,84815,0
2017-08-11,18:25:00,168.1215,168.28,168.04,168.25,63667,0
2017-08-11,18:30:00,168.2496,168.2496,168.06,168.12,60654,0
2017-08-11,18:35:00,168.1101,168.16,167.96,168.045,55709,0
2017-08-11,18:40:00,168.058,168.21,168.04,168.19,46318,0
2017-08-11,18:45:00,168.1936,168.24,168.165,168.195,67783,0
2017-08-11,18:50:00,168.19,168.34,168.17,168.28,152737,0
2017-08-11,18:55:00,168.29,168.36,168.226,168.2314,105787,0
2017-08-11,19:00:00,168.2359,168.31,168.195,168.27,66548,0
2017-08-11,19:05:00,168.26,168.4,168.26,168.34,135998,0
2017-08-11,19:10:00,168.34,168.41,168.34,168.37,62978,0
2017-08-11,19:15:00,168.38,168.44,168.27,168.27,110956,0
2017-08-11,19:20:00,168.26,168.3,168.12,168.19,73997,0
2017-08-11,19:25:00,168.18,168.23,167.86,167.87,85446,0
2017-08-11,19:30:00,167.87,168.14,167.87,168.025,80654,0
2017-08-11,19:35:00,168.04,168.2662,168.04,168.21,46738,0
2017-08-11,19:40:00,168.24,168.28,168.09,168.1399,53080,0
2017-08-11,19:45:00,168.14,168.28,168.11,168.23,41108,0
2017-08-11,19:50:00,168.25,168.46,168.2396,168.42,68578,0
2017-08-11,19:55:00,168.4234,168.43,168.25,168.34,72787,0
2017-08-11,20:00:00,168.37,168.46,168.275,168.29,64379,0
2017-08-11,20:05:00,168.2956,168.411,168.29,168.35,36228,0
2017-08-11,20:10:00,168.335,168.56,168.3,168.5,196445,0
2017-08-11,20:15:00,168.5,168.74,168.46,168.7259,188181,0
2017-08-11,20:20:00,168.7331,168.76,168.55,168.5704,89792,0
2017-08-11,20:25:00,168.59,168.68,168.58,168.635,113225,0
2017-08-11,20:30:00,168.64,168.71,168.54,168.6024,84146,0
2017-08-11,20:35:00,168.58,168.625,168.29,168.3,95112,0
2017-08-11,20:40:00,168.29,168.2934,168.02,168.1,102093,0
2017-08-11,20:45:00,168.1,168.75,168.1,168.2,318519,0
2017-08-11,20:50:00,168.25,168.34,168.05,168.2,142720,0
2017-08-11,20:55:00,168.18,168.3,167.93,167.998,103950,0
2017-08-11,21:00:00,168,168.2,167.86,167.94,115524,0
2017-08-11,21:05:00,167.94,168.2,167.88,168.08,95614,0
2017-08-11,21:10:00,168.09,168.13,167.91,167.9701,118553,0
2017-08-11,21:15:00,167.99,168.05,167.73,167.77,99322,0
2017-08-11,21:20:00,167.78,167.84,167.5849,167.67,114452,0
2017-08-11,21:25:00,167.7,167.98,167.679,167.81,125530,0
2017-08-11,21:30:00,167.82,168.05,167.81,167.88,140516,0
2017-08-11,21:35:00,167.86,167.8899,167.65,167.72,105897,0
2017-08-11,21:40:00,167.72,168.1,167.63,168.07,141879,0
2017-08-11,21:45:00,168.04,168.12,167.9046,167.971,139069,0
2017-08-11,21:50:00,167.97,168.38,167.94,168.275,230416,0
2017-08-11,21:55:00,168.26,168.3,168.13,168.2501,188940,0
2017-08-11,22:00:00,168.25,168.33,167.91,168.08,637224,0
2017-08-14,15:35:00,170.09,170.1,169.55,169.79,686573,0
2017-08-14,15:40:00,169.76,169.98,169.57,169.87,386925,0
2017-08-14,15:45:00,169.89,169.93,169.55,169.69,146114,0
2017-08-14,15:50:00,169.66,169.9498,169.64,169.79,162550,0
2017-08-14,15:55:00,169.79,169.84,169.29,169.78,240592,0
2017-08-14,16:00:00,169.78,169.95,169.749,169.89,247041,0
2017-08-14,16:05:00,169.88,170.48,169.88,170.48,507150,0
2017-08-14,16:10:00,170.47,170.49,170.08,170.18,201297,0
2017-08-14,16:15:00,170.19,170.32,170.09,170.26,162808,0
2017-08-14,16:20:00,170.26,170.75,170.26,170.7252,343536,0
2017-08-14,16:25:00,170.74,170.86,170.62,170.83,192994,0
2017-08-14,16:30:00,170.83,170.97,170.57,170.59,238047,0
2017-08-14,16:35:00,170.58,170.8852,170.58,170.6492,163077,0
2017-08-14,16:40:00,170.66,170.68,170.5,170.65,202203,0
2017-08-14,16:45:00,170.65,170.8,170.64,170.72,98151,0
2017-08-14,16:50:00,170.725,170.89,170.6,170.82,185259,0
2017-08-14,16:55:00,170.83,170.96,170.69,170.69,185047,0
2017-08-14,17:00:00,170.69,170.77,170.59,170.648,104358,0
2017-08-14,17:05:00,170.63,170.63,170.51,170.59,124740,0
2017-08-14,17:10:00,170.59,170.71,170.5824,170.71,64820,0
2017-08-14,17:15:00,170.7096,170.8,170.7,170.79,79112,0
2017-08-14,17:20:00,170.78,170.7881,170.51,170.66,78939,0
2017-08-14,17:25:00,170.66,170.6662,170.34,170.49,142594,0
2017-08-14,17:30:00,170.5,170.69,170.4699,170.5856,76768,0
2017-08-14,17:35:00,170.57,170.74,170.52,170.5364,88706,0
2017-08-14,17:40:00,170.55,170.62,170.4548,170.58,83123,0
2017-08-14,17:45:00,170.55,170.6,170.27,170.31,108587,0
2017-08-14,17:50:00,170.27,170.439,170.23,170.32,167405,0
2017-08-14,17:55:00,170.3211,170.46,170.3178,170.35,45030,0
2017-08-14,18:00:00,170.37,170.42,170.23,170.36,110590,0
2017-08-14,18:05:00,170.3666,170.41,170.29,170.3648,105232,0
2017-08-14,18:10:00,170.36,170.5099,170.33,170.355,83232,0
2017-08-14,18:15:00,170.34,170.45,170.34,170.3586,61528,0
2017-08-14,18:20:00,170.35,170.49,170.33,170.37,55813,0
2017-08-14,18:25:00,170.375,170.5,170.33,170.5,39023,0
2017-08-14,18:30:00,170.49,170.6,170.45,170.478,95015,0
2017-08-14,18:35:00,170.49,170.505,170.28,170.39,75005,0
2017-08-14,18:40:00,170.37,170.4,170.24,170.39,82042,0
2017-08-14,18:45:00,170.39,170.56,170.32,170.54,58497,0
2017-08-14,18:50:00,170.55,170.63,170.51,170.51,103621,0
2017-08-14,18:55:00,170.52,170.57,170.46,170.56,71470,0
2017-08-14,19:00:00,170.57,170.63,170.54,170.62,47766,0
2017-08-14,19:05:00,170.62,170.7512,170.59,170.6,175267,0
2017-08-14,19:10:00,170.6,170.75,170.6,170.72,93881,0
2017-08-14,19:15:00,170.7412,170.89,170.67,170.88,77639,0
2017-08-14,19:20:00,170.88,170.94,170.8,170.83,96593,0
2017-08-14,19:25:00,170.813,170.96,170.813,170.94,65749,0
2017-08-14,19:30:00,170.95,170.95,170.83,170.9369,72383,0
2017-08-14,19:35:00,170.92,171.08,170.89,171.0001,123253,0
2017-08-14,19:40:00,170.9901,171.02,170.83,170.97,85363,0
2017-08-14,19:45:00,170.97,170.975,170.82,170.8452,91128,0
2017-08-14,19:50:00,170.855,170.86,170.7,170.7,90812,0
2017-08-14,19:55:00,170.7166,170.83,170.651,170.71,88894,0
2017-08-14,20:00:00,170.73,170.8,170.67,170.75,63702,0
2017-08-14,20:05:00,170.75,170.79,170.63,170.6702,79918,0
2017-08-14,20:10:00,170.67,170.72,170.56,170.62,86074,0
2017-08-14,20:15:00,170.63,170.7893,170.61,170.65,53284,0
2017-08-14,20:20:00,170.65,170.69,170.49,170.6828,68164,0
2017-08-14,20:25:00,170.69,170.77,170.655,170.7,56476,0
2017-08-14,20:30:00,170.71,170.7336,170.616,170.6546,69728,0
2017-08-14,20:35:00,170.66,170.87,170.66,170.78,75537,0
2017-08-14,20:40:00,170.77,170.865,170.76,170.85,42041,0
2017-08-14,20:45:00,170.84,170.92,170.83,170.895,48460,0
2017-08-14,20:50:00,170.9,170.94,170.7,170.72,61347,0
2017-08-14,20:55:00,170.72,170.73,170.58,170.6089,102232,0
2017-08-14,21:00:00,170.59,170.8,170.55,170.7,69789,0
2017-08-14,21:05:00,170.6988,170.71,170.4156,170.461,77309,0
2017-08-14,21:10:00,170.47,170.66,170.4638,170.64,75071,0
2017-08-14,21:15:00,170.6487,170.71,170.6,170.63,85620,0
2017-08-14,21:20:00,170.63,170.77,170.51,170.7,87139,0
2017-08-14,21:25:00,170.7002,170.85,170.66,170.811,58878,0
2017-08-14,21:30:00,170.83,170.83,170.64,170.67,72564,0
2017-08-14,21:35:00,170.67,170.8,170.63,170.65,152868,0
2017-08-14,21:40:00,170.6485,170.76,170.61,170.73,113991,0
2017-08-14,21:45:00,170.72,170.86,170.65,170.77,157605,0
2017-08-14,21:50:00,170.77,170.85,170.66,170.725,137528,0
2017-08-14,21:55:00,170.73,170.92,170.72,170.845,363042,0
2017-08-14,22:00:00,170.8499,170.94,170.67,170.75,1232401,0
2017-08-15,15:35:00,171.49,171.5,171.03,171.23,496756,0
2017-08-15,15:40:00,171.22,171.33,170.91,171.02,223039,0
2017-08-15,15:45:00,171.039,171.039,170.42,170.601,241312,0
2017-08-15,15:50:00,170.64,170.75,170.42,170.65,199171,0
2017-08-15,15:55:00,170.66,170.79,170.43,170.73,103540,0
2017-08-15,16:00:00,170.7209,171,170.69,170.94,182828,0
2017-08-15,16:05:00,170.935,171,170.65,170.65,148123,0
2017-08-15,16:10:00,170.63,170.73,170.535,170.6226,103474,0
2017-08-15,16:15:00,170.63,170.68,170.1,170.2,240637,0
2017-08-15,16:20:00,170.19,170.38,170.01,170.3092,170236,0
2017-08-15,16:25:00,170.31,170.7,170.24,170.57,150255,0
2017-08-15,16:30:00,170.6,170.9399,170.6,170.8603,130914,0
2017-08-15,16:35:00,170.88,170.9,170.53,170.65,98517,0
2017-08-15,16:40:00,170.65,170.84,170.51,170.8,92396,0
2017-08-15,16:45:00,170.8031,171,170.75,170.97,123201,0
2017-08-15,16:50:00,170.95,170.97,170.74,170.8086,106252,0
2017-08-15,16:55:00,170.83,170.94,170.71,170.75,66588,0
2017-08-15,17:00:00,170.7601,170.82,170.5,170.52,87943,0
2017-08-15,17:05:00,170.53,170.63,170.38,170.465,76300,0
2017-08-15,17:10:00,170.48,170.6307,170.42,170.57,69394,0
2017-08-15,17:15:00,170.57,170.6497,170.44,170.525,46434,0
2017-08-15,17:20:00,170.52,170.6381,170.46,170.6099,42604,0
2017-08-15,17:25:00,170.61,170.69,170.54,170.5599,63619,0
2017-08-15,17:30:00,170.53,170.75,170.46,170.72,66538,0
2017-08-15,17:35:00,170.68,170.74,170.5701,170.7,54804,0
2017-08-15,17:40:00,170.69,170.94,170.69,170.836,79379,0
2017-08-15,17:45:00,170.85,171.116,170.85,171.01,213977,0
2017-08-15,17:50:00,171.004,171.0196,170.7774,170.81,70269,0
2017-08-15,17:55:00,170.83,170.872,170.555,170.61,99198,0
2017-08-15,18:00:00,170.57,170.68,170.52,170.63,53104,0
2017-08-15,18:05:00,170.635,170.95,170.6,170.8766,66531,0
2017-08-15,18:10:00,170.85,170.97,170.82,170.9001,54365,0
2017-08-15,18:15:00,170.91,171.07,170.84,171.05,65973,0
2017-08-15,18:20:00,171.0301,171.25,171.02,171.23,124376,0
2017-08-15,18:25:00,171.23,171.32,171.1,171.12,165744,0
2017-08-15,18:30:00,171.124,171.27,171.12,171.19,73071,0
2017-08-15,18:35:00,171.2,171.27,171.0236,171.09,44248,0
2017-08-15,18:40:00,171.0793,171.3,171.0793,171.17,63907,0
2017-08-15,18:45:00,171.16,171.1965,171.1,171.17,50365,0
2017-08-15,18:50:00,171.1759,171.2699,171.1201,171.2699,56382,0
2017-08-15,18:55:00,171.26,171.276,171.1,171.1359,83620,0
2017-08-15,19:00:00,171.15,171.24,171.1186,171.15,38784,0
2017-08-15,19:05:00,171.15,171.169,170.81,170.8599,72804,0
2017-08-15,19:10:00,170.8483,171,170.7688,170.94,61085,0
2017-08-15,19:15:00,170.95,171.17,170.94,171.17,46660,0
2017-08-15,19:20:00,171.14,171.1679,170.9,170.96,35479,0
2017-08-15,19:25:00,170.96,171.02,170.9401,170.9522,34519,0
2017-08-15,19:30:00,170.95,171.01,170.83,170.95,62048,0
2017-08-15,19:35:00,170.9499,170.99,170.87,170.95,24139,0
2017-08-15,19:40:00,170.93,170.93,170.835,170.89,24036,0
2017-08-15,19:45:00,170.88,170.99,170.88,170.92,47378,0
2017-08-15,19:50:00,170.94,170.96,170.8432,170.95,31836,0
2017-08-15,19:55:00,170.9469,170.98,170.82,170.84,43532,0
2017-08-15,20:00:00,170.82,170.85,170.72,170.815,60206,0
2017-08-15,20:05:00,170.815,170.93,170.815,170.85,47652,0
2017-08-15,20:10:00,170.86,170.9806,170.81,170.9441,63767,0
2017-08-15,20:15:00,170.9579,171.02,170.88,170.93,47780,0
2017-08-15,20:20:00,170.94,170.96,170.88,170.92,47601,0
2017-08-15,20:25:00,170.91,170.9722,170.84,170.95,30673,0
2017-08-15,20:30:00,170.92,171.1,170.9,171.1,50465,0
2017-08-15,20:35:00,171.1,171.13,171.03,171.0991,44073,0
2017-08-15,20:40:00,171.08,171.21,171.01,171.05,75882,0
2017-08-15,20:45:00,171.07,171.2,171.02,171.0799,57473,0
2017-08-15,20:50:00,171.07,171.08,170.87,170.96,38381,0
2017-08-15,20:55:00,170.95,170.97,170.86,170.91,41509,0
2017-08-15,21:00:00,170.9,170.98,170.82,170.96,37778,0
2017-08-15,21:05:00,170.98,171,170.9,170.94,30803,0
2017-08-15,21:10:00,170.94,171.115,170.94,171.08,72173,0
2017-08-15,21:15:00,171.0709,171.08,170.94,171.06,63580,0
2017-08-15,21:20:00,171.06,171.09,170.87,170.94,57370,0
2017-08-15,21:25:00,170.94,170.9462,170.83,170.8852,38126,0
2017-08-15,21:30:00,170.87,170.94,170.83,170.84,45500,0
2017-08-15,21:35:00,170.83,170.9433,170.82,170.93,56741,0
2017-08-15,21:40:00,170.9336,171.091,170.91,171.06,70117,0
2017-08-15,21:45:00,171.06,171.24,171.05,171.18,94420,0
2017-08-15,21:50:00,171.18,171.28,171.15,171.21,125411,0
2017-08-15,21:55:00,171.21,171.21,171.03,171.09,173887,0
2017-08-15,22:00:00,171.09,171.0971,170.92,171,910602,0
2017-08-16,15:35:00,171.25,171.38,170.51,170.62,842477,0
2017-08-16,15:40:00,170.62,170.72,170.18,170.21,583493,0
2017-08-16,15:45:00,170.22,170.58,170.02,170.34,435029,0
2017-08-16,15:50:00,170.32,170.5499,170.11,170.1924,265099,0
2017-08-16,15:55:00,170.2,170.36,170.02,170.27,304814,0
2017-08-16,16:00:00,170.28,170.55,170.1,170.12,257129,0
2017-08-16,16:05:00,170.12,170.19,169.86,169.8816,421147,0
2017-08-16,16:10:00,169.8799,170.2,169.8799,170.04,263043,0
2017-08-16,16:15:00,170.02,170.14,169.87,170.08,188701,0
2017-08-16,16:20:00,170.09,170.39,170.04,170.2699,207635,0
2017-08-16,16:25:00,170.265,170.2669,169.999,170.05,174578,0
2017-08-16,16:30:00,170.02,170.15,169.95,170.14,124536,0
2017-08-16,16:35:00,170.14,170.2,169.98,170.04,154839,0
2017-08-16,16:40:00,170.04,170.26,170.03,170.21,129801,0
2017-08-16,16:45:00,170.2,170.3,170.0714,170.09,145673,0
2017-08-16,16:50:00,170.091,170.28,170.0501,170.11,174073,0
2017-08-16,16:55:00,170.109,170.14,169.96,170.01,208414,0
2017-08-16,17:00:00,170.0014,170.1,169.94,170.0162,153639,0
2017-08-16,17:05:00,170.01,170.1789,169.96,170.14,127887,0
2017-08-16,17:10:00,170.13,170.13,169.81,169.81,186689,0
2017-08-16,17:15:00,169.81,170.03,169.78,169.9887,180872,0
2017-08-16,17:20:00,169.99,170.33,169.98,170.25,255223,0
2017-08-16,17:25:00,170.25,170.35,170.1702,170.28,153224,0
2017-08-16,17:30:00,170.27,170.27,170.13,170.159,133968,0
2017-08-16,17:35:00,170.15,170.2,170,170.13,142030,0
2017-08-16,17:40:00,170.13,170.24,170.069,170.1174,100128,0
2017-08-16,17:45:00,170.12,170.24,170.06,170.19,126998,0
2017-08-16,17:50:00,170.195,170.3,170.15,170.2,155031,0
2017-08-16,17:55:00,170.195,170.38,170.18,170.305,144293,0
2017-08-16,18:00:00,170.3,170.3,170.09,170.1,87202,0
2017-08-16,18:05:00,170.11,170.331,170.105,170.31,99922,0
2017-08-16,18:10:00,170.32,170.3796,170.25,170.34,95783,0
2017-08-16,18:15:00,170.33,170.5,170.32,170.4155,131755,0
2017-08-16,18:20:00,170.42,170.62,170.38,170.5411,174452,0
2017-08-16,18:25:00,170.55,170.6958,170.52,170.53,132835,0
2017-08-16,18:30:00,170.52,170.7,170.49,170.49,103989,0
2017-08-16,18:35:00,170.48,170.59,170.3224,170.355,159116,0
2017-08-16,18:40:00,170.36,170.44,170.2586,170.321,132558,0
2017-08-16,18:45:00,170.3212,170.4,170.306,170.35,91824,0
2017-08-16,18:50:00,170.3608,170.3608,170.1199,170.1199,117246,0
2017-08-16,18:55:00,170.11,170.16,170.0299,170.141,114868,0
2017-08-16,19:00:00,170.14,170.1899,169.98,170.0484,165436,0
2017-08-16,19:05:00,170.05,170.09,170,170.01,98555,0
2017-08-16,19:10:00,170.0043,170.19,169.98,170.091,83321,0
2017-08-16,19:15:00,170.1,170.18,169.7,169.72,231415,0
2017-08-16,19:20:00,169.71,170,169.67,169.89,128759,0
2017-08-16,19:25:00,169.889,169.99,169.75,169.93,86632,0
2017-08-16,19:30:00,169.92,169.97,169.74,169.94,108791,0
2017-08-16,19:35:00,169.954,169.9672,169.74,169.86,75712,0
2017-08-16,19:40:00,169.86,170.01,169.85,169.9397,120316,0
2017-08-16,19:45:00,169.96,170,169.88,169.96,61113,0
2017-08-16,19:50:00,169.97,170,169.88,169.96,54363,0
2017-08-16,19:55:00,169.965,170,169.89,169.93,94903,0
2017-08-16,20:00:00,169.95,170,169.8128,169.93,147334,0
2017-08-16,20:05:00,169.915,170,169.67,169.98,187603,0
2017-08-16,20:10:00,170,170.31,169.95,170.1369,222818,0
2017-08-16,20:15:00,170.12,170.28,169.99,170.06,116304,0
2017-08-16,20:20:00,170.05,170.08,169.61,169.6294,143910,0
2017-08-16,20:25:00,169.62,169.6703,169.24,169.34,242560,0
2017-08-16,20:30:00,169.33,169.69,169.275,169.63,138137,0
2017-08-16,20:35:00,169.6599,169.6599,169.33,169.56,116438,0
2017-08-16,20:40:00,169.55,169.89,169.51,169.84,101961,0
2017-08-16,20:45:00,169.84,169.9,169.73,169.87,99127,0
2017-08-16,20:50:00,169.8668,169.99,169.77,169.98,92978,0
2017-08-16,20:55:00,169.9807,170.03,169.89,169.9966,123037,0
2017-08-16,21:00:00,170,170.04,169.88,169.92,79335,0
2017-08-16,21:05:00,169.9299,170,169.86,169.86,86561,0
2017-08-16,21:10:00,169.85,169.93,169.82,169.8564,59687,0
2017-08-16,21:15:00,169.85,170.02,169.75,169.94,142355,0
2017-08-16,21:20:00,169.94,170,169.87,169.8767,82532,0
2017-08-16,21:25:00,169.88,170.01,169.87,169.9,114646,0
2017-08-16,21:30:00,169.91,170,169.86,170,77387,0
2017-08-16,21:35:00,169.999,170.07,169.86,169.93,204010,0
2017-08-16,21:40:00,169.935,170,169.91,169.97,88945,0
2017-08-16,21:45:00,169.96,170.01,169.91,169.98,155925,0
2017-08-16,21:50:00,169.98,170,169.92,169.98,150313,0
2017-08-16,21:55:00,169.99,170.02,169.96,169.99,353636,0
2017-08-16,22:00:00,170,170,169.9,170,942490,0
2017-08-17,15:35:00,169.34,169.655,169.11,169.485,360940,0
2017-08-17,15:40:00,169.45,169.67,169.2,169.57,217712,0
2017-08-17,15:45:00,169.54,169.749,169.35,169.5031,127474,0
2017-08-17,15:50:00,169.51,169.84,169.51,169.7313,179952,0
2017-08-17,15:55:00,169.73,169.85,169.56,169.67,123980,0
2017-08-17,16:00:00,169.67,169.86,169.286,169.385,189075,0
2017-08-17,16:05:00,169.39,169.39,168.9155,169.09,430658,0
2017-08-17,16:10:00,169.11,169.35,169.05,169.07,132417,0
2017-08-17,16:15:00,169.08,169.12,168.82,168.915,311524,0
2017-08-17,16:20:00,168.9002,168.91,168.48,168.75,296609,0
2017-08-17,16:25:00,168.7501,168.77,168.5,168.71,242661,0
2017-08-17,16:30:00,168.6934,168.83,168.53,168.72,170017,0
2017-08-17,16:35:00,168.7282,169.09,168.63,169.03,202828,0
2017-08-17,16:40:00,169.0699,169.084,168.7434,168.8863,155530,0
2017-08-17,16:45:00,168.87,168.9,168.5,168.5843,198243,0
2017-08-17,16:50:00,168.585,168.73,168.556,168.64,157859,0
2017-08-17,16:55:00,168.6301,168.7087,168.54,168.6,186834,0
2017-08-17,17:00:00,168.6,168.72,168.43,168.5,219700,0
2017-08-17,17:05:00,168.51,168.7,168.44,168.56,130432,0
2017-08-17,17:10:00,168.5401,168.87,168.52,168.6,207690,0
2017-08-17,17:15:00,168.5955,168.74,168.57,168.66,83387,0
2017-08-17,17:20:00,168.6735,168.81,168.55,168.7605,88931,0
2017-08-17,17:25:00,168.751,168.97,168.7,168.74,122333,0
2017-08-17,17:30:00,168.74,168.85,168.56,168.56,122470,0
2017-08-17,17:35:00,168.575,168.657,168.5,168.588,93043,0
2017-08-17,17:40:00,168.57,168.79,168.57,168.75,94830,0
2017-08-17,17:45:00,168.7856,168.88,168.68,168.88,110276,0
2017-08-17,17:50:00,168.88,168.921,168.62,168.7102,108838,0
2017-08-17,17:55:00,168.69,168.92,168.69,168.85,79848,0
2017-08-17,18:00:00,168.87,168.98,168.8,168.86,60580,0
2017-08-17,18:05:00,168.861,168.95,168.82,168.9192,48770,0
2017-08-17,18:10:00,168.92,168.95,168.6,168.66,76806,0
2017-08-17,18:15:00,168.62,168.65,168.26,168.49,221262,0
2017-08-17,18:20:00,168.49,168.49,168.25,168.32,112317,0
2017-08-17,18:25:00,168.33,168.48,168.21,168.46,138464,0
2017-08-17,18:30:00,168.441,168.49,168.27,168.46,81074,0
2017-08-17,18:35:00,168.4627,168.49,168.11,168.25,133982,0
2017-08-17,18:40:00,168.25,168.44,168.16,168.4,73076,0
2017-08-17,18:45:00,168.39,168.47,168.19,168.22,91577,0
2017-08-17,18:50:00,168.22,168.4,168.21,168.4,68611,0
2017-08-17,18:55:00,168.4,168.4,168.1,168.11,78468,0
2017-08-17,19:00:00,168.12,168.18,167.88,168.0999,293103,0
2017-08-17,19:05:00,168.08,168.16,167.86,167.94,159973,0
2017-08-17,19:10:00,167.9571,168.22,167.8701,168.1701,177677,0
2017-08-17,19:15:00,168.2,168.24,167.8996,167.93,98545,0
2017-08-17,19:20:00,167.9,168.23,167.85,168.1101,117466,0
2017-08-17,19:25:00,168.12,168.15,167.93,168.06,114789,0
2017-08-17,19:30:00,168.04,168.42,168.03,168.31,101071,0
2017-08-17,19:35:00,168.31,168.76,168.2,168.69,181153,0
2017-08-17,19:40:00,168.67,168.81,168.58,168.5981,103583,0
2017-08-17,19:45:00,168.61,168.82,168.59,168.6289,128746,0
2017-08-17,19:50:00,168.63,168.68,168.26,168.3,89407,0
2017-08-17,19:55:00,168.29,168.42,168.16,168.42,96878,0
2017-08-17,20:00:00,168.39,168.58,168.295,168.53,118971,0
2017-08-17,20:05:00,168.5435,168.61,168.24,168.24,78357,0
2017-08-17,20:10:00,168.25,168.45,168.23,168.45,102784,0
2017-08-17,20:15:00,168.46,168.55,168.33,168.3401,66616,0
2017-08-17,20:20:00,168.34,168.36,167.86,167.9,215936,0
2017-08-17,20:25:00,167.89,168.09,167.72,168.05,237582,0
2017-08-17,20:30:00,168.0543,168.18,167.95,168.139,102480,0
2017-08-17,20:35:00,168.13,168.22,168.0336,168.1247,67216,0
2017-08-17,20:40:00,168.11,168.39,168.11,168.2,122639,0
2017-08-17,20:45:00,168.18,168.21,167.81,167.835,166380,0
2017-08-17,20:50:00,167.835,168.01,167.8,167.98,142099,0
2017-08-17,20:55:00,167.966,168.0799,167.75,167.94,180180,0
2017-08-17,21:00:00,167.94,167.99,167.81,167.88,96178,0
2017-08-17,21:05:00,167.881,167.89,167.62,167.7,188572,0
2017-08-17,21:10:00,167.698,167.77,167.54,167.62,240740,0
2017-08-17,21:15:00,167.61,167.7,167.4,167.425,207563,0
2017-08-17,21:20:00,167.41,167.445,167.08,167.24,283592,0
2017-08-17,21:25:00,167.24,167.46,167.15,167.24,223819,0
2017-08-17,21:30:00,167.25,167.46,167.2,167.31,197118,0
2017-08-17,21:35:00,167.3,167.77,167.11,167.7167,403060,0
2017-08-17,21:40:00,167.71,167.85,167.54,167.769,333803,0
2017-08-17,21:45:00,167.76,167.8,167.3799,167.41,276438,0
2017-08-17,21:50:00,167.4,167.52,167.21,167.2301,314785,0
2017-08-17,21:55:00,167.22,167.22,166.86,167.21,733589,0
2017-08-17,22:00:00,167.19,167.2,166.85,166.91,1613821,0
2017-08-18,15:35:00,166.84,167.38,166.8,167.115,1196777,0
2017-08-18,15:40:00,167.12,167.69,167.03,167.24,324904,0
2017-08-18,15:45:00,167.24,167.82,167.17,167.36,331908,0
2017-08-18,15:50:00,167.359,167.82,167.19,167.6599,295475,0
2017-08-18,15:55:00,167.66,167.77,166.71,166.9499,294963,0
2017-08-18,16:00:00,166.96,167.25,166.21,166.21,412327,0
2017-08-18,16:05:00,166.25,166.88,166.23,166.732,286356,0
2017-08-18,16:10:00,166.75,167.38,166.75,167.2734,204323,0
2017-08-18,16:15:00,167.27,167.57,167.17,167.4899,270411,0
2017-08-18,16:20:00,167.47,167.71,167.37,167.4007,210492,0
2017-08-18,16:25:00,167.4,167.75,167.4,167.61,132578,0
2017-08-18,16:30:00,167.57,167.7299,167.44,167.665,170436,0
2017-08-18,16:35:00,167.675,167.71,167.28,167.62,229344,0
2017-08-18,16:40:00,167.62,167.91,167.61,167.83,228799,0
2017-08-18,16:45:00,167.8301,167.928,167.63,167.78,225886,0
2017-08-18,16:50:00,167.77,167.81,167.32,167.44,114954,0
2017-08-18,16:55:00,167.44,167.63,167.4,167.51,140609,0
2017-08-18,17:00:00,167.5014,167.74,167.49,167.68,114325,0
2017-08-18,17:05:00,167.7,167.92,167.56,167.75,186371,0
2017-08-18,17:10:00,167.74,167.81,167.38,167.53,204154,0
2017-08-18,17:15:00,167.51,167.64,167.34,167.565,118386,0
2017-08-18,17:20:00,167.57,168.3,167.57,168.29,282229,0
2017-08-18,17:25:00,168.29,168.29,167.9,168.15,276901,0
2017-08-18,17:30:00,168.16,168.44,168.15,168.4,248835,0
2017-08-18,17:35:00,168.401,168.49,168.315,168.4,191492,0
2017-08-18,17:40:00,168.41,168.55,168.33,168.53,215810,0
2017-08-18,17:45:00,168.5236,168.63,168.3,168.37,184442,0
2017-08-18,17:50:00,168.37,168.47,168.2,168.45,120978,0
2017-08-18,17:55:00,168.43,168.67,168.41,168.61,179888,0
2017-08-18,18:00:00,168.6,168.67,168.51,168.57,115096,0
2017-08-18,18:05:00,168.5688,168.5868,168.2,168.23,108779,0
2017-08-18,18:10:00,168.25,168.52,168.24,168.47,119577,0
2017-08-18,18:15:00,168.45,168.52,168.23,168.29,55870,0
2017-08-18,18:20:00,168.31,168.37,168.16,168.22,84489,0
2017-08-18,18:25:00,168.2,168.2,167.99,168.12,105274,0
2017-08-18,18:30:00,168.1238,168.43,168.02,168.37,71350,0
2017-08-18,18:35:00,168.375,168.477,168.27,168.4142,52288,0
2017-08-18,18:40:00,168.41,168.43,168.27,168.38,56415,0
2017-08-18,18:45:00,168.37,168.55,168.16,168.239,94231,0
2017-08-18,18:50:00,168.2276,168.38,168.09,168.35,103400,0
2017-08-18,18:55:00,168.3347,168.38,168.16,168.25,88453,0
2017-08-18,19:00:00,168.3,168.35,168.22,168.23,49612,0
2017-08-18,19:05:00,168.24,168.36,168.05,168.0828,92922,0
2017-08-18,19:10:00,168.09,168.28,168.04,168.09,60916,0
2017-08-18,19:15:00,168.1,168.1799,167.89,167.92,120289,0
2017-08-18,19:20:00,167.93,168.03,167.79,167.79,105033,0
2017-08-18,19:25:00,167.8,167.86,167.71,167.83,85992,0
2017-08-18,19:30:00,167.85,168.12,167.85,167.99,88526,0
2017-08-18,19:35:00,168,168.09,167.96,168.02,57947,0
2017-08-18,19:40:00,168.01,168.02,167.51,167.5766,130083,0
2017-08-18,19:45:00,167.57,167.63,167.37,167.4,102987,0
2017-08-18,19:50:00,167.39,167.78,167.35,167.725,90227,0
2017-08-18,19:55:00,167.72,167.72,167.6,167.68,73295,0
2017-08-18,20:00:00,167.67,167.785,167.51,167.52,111418,0
2017-08-18,20:05:00,167.52,167.75,167.51,167.66,54620,0
2017-08-18,20:10:00,167.66,167.8,167.64,167.7921,58277,0
2017-08-18,20:15:00,167.79,168.07,167.785,167.94,70823,0
2017-08-18,20:20:00,167.94,167.99,167.72,167.79,61797,0
2017-08-18,20:25:00,167.8,167.99,167.69,167.98,76046,0
2017-08-18,20:30:00,167.995,168.23,167.95,168.125,122966,0
2017-08-18,20:35:00,168.1201,168.3,168.1174,168.15,113618,0
2017-08-18,20:40:00,168.16,168.275,168.13,168.1486,90831,0
2017-08-18,20:45:00,168.1525,168.18,168.0686,168.14,54722,0
2017-08-18,20:50:00,168.14,168.21,168.06,168.19,47897,0
2017-08-18,20:55:00,168.19,168.19,167.97,168.05,55629,0
2017-08-18,21:00:00,168.04,168.07,167.99,168.03,65251,0
2017-08-18,21:05:00,168.04,168.1105,167.99,168.1,53522,0
2017-08-18,21:10:00,168.1,168.23,168.08,168.1001,101008,0
2017-08-18,21:15:00,168.09,168.11,167.9,167.92,62835,0
2017-08-18,21:20:00,167.9206,168,167.86,167.9,79724,0
2017-08-18,21:25:00,167.92,168,167.79,167.8701,100056,0
2017-08-18,21:30:00,167.87,168,167.8553,167.99,62158,0
2017-08-18,21:35:00,167.99,168.03,167.84,167.884,85201,0
2017-08-18,21:40:00,167.87,168.11,167.83,167.98,99660,0
2017-08-18,21:45:00,167.98,168.021,167.79,167.84,119038,0
2017-08-18,21:50:00,167.85,167.95,167.7,167.74,190871,0
2017-08-18,21:55:00,167.75,167.75,167.41,167.55,397547,0
2017-08-18,22:00:00,167.53,167.57,167.36,167.41,1283762,0
